,P1,P2,P3,P4
0,-0.05030415207147598,0.834159255027771,-0.7052359580993652,0.184833824634552
1,0.41188645362854004,-2.3510537147521973,1.7734861373901367,-0.7989528179168701
2,-0.07670123875141144,0.10521560907363892,-0.621928334236145,-0.9985018372535706
3,-1.2097359895706177,0.6279120445251465,-0.332061767578125,0.3110227882862091
4,-1.1074682474136353,-1.4302016496658325,1.083823800086975,-0.3603372871875763
5,-1.9946237802505493,-2.008488655090332,0.01757899671792984,-0.8714184761047363
6,-0.8032287955284119,-1.1559393405914307,1.398848056793213,-2.5900094509124756
7,0.09489011019468307,-0.7752848267555237,0.5804670453071594,0.4353426992893219
8,0.9029811024665833,-1.2006986141204834,-0.4971699118614197,0.2464682012796402
9,-1.1489810943603516,-0.35371243953704834,0.33909353613853455,0.7710093855857849
10,-0.9679676294326782,-2.015582323074341,-1.305092692375183,0.4367508888244629
11,-0.47011154890060425,0.2676677107810974,0.7135794758796692,0.0069132037460803986
12,-0.954069972038269,-2.709758758544922,0.2736552953720093,1.1362874507904053
13,2.053372621536255,-1.5414797067642212,-1.3128360509872437,-2.09328031539917
14,0.8912960290908813,0.5527420043945312,1.3372211456298828,-2.2003393173217773
15,-1.1731598377227783,-0.5878530740737915,-1.2008450031280518,-0.8839541077613831
16,0.4868733882904053,1.200666904449463,0.10855579376220703,0.15654519200325012
17,-0.5942007303237915,-2.2758452892303467,1.015135645866394,-0.7914536595344543
18,0.23273713886737823,-2.791020393371582,-0.07289177179336548,-1.466750144958496
19,1.002232313156128,-0.39080142974853516,0.9562327861785889,-2.5958597660064697
20,1.4528192281723022,-0.4427011013031006,0.933207094669342,-0.7103255987167358
21,-1.0145500898361206,-1.347802758216858,0.060682445764541626,0.632982075214386
22,0.449007511138916,-1.4825745820999146,-2.0743727684020996,0.6498925685882568
23,0.03787676990032196,-1.8247226476669312,-1.600788950920105,0.4158368408679962
24,1.2895705699920654,-0.8412595391273499,-1.217834711074829,-1.0220178365707397
25,0.31624677777290344,-1.3024076223373413,2.0594263076782227,0.5379138588905334
26,0.5494063496589661,-0.3230559229850769,-1.4748581647872925,0.5744403004646301
27,2.4972078800201416,0.9195293188095093,-0.13042272627353668,-2.900214195251465
28,-0.020378200337290764,-1.2769107818603516,-1.2770060300827026,0.637329638004303
29,-0.9519964456558228,0.2572886645793915,0.0023212365340441465,2.087656021118164
30,-0.051567986607551575,-0.041597068309783936,-0.00046058185398578644,0.23668266832828522
31,-0.6698979735374451,-0.6970542669296265,0.6841259598731995,-1.8032050132751465
32,-0.17147095501422882,-0.9922968149185181,-0.8704301714897156,0.529670000076294
33,-1.0053911209106445,0.1535048484802246,-1.0539568662643433,0.6905298829078674
34,-0.5386121273040771,-0.2051393687725067,0.965403139591217,0.47116753458976746
35,-1.6688015460968018,1.104495644569397,-0.36242443323135376,-1.6740270853042603
36,-0.7925131916999817,-1.5862553119659424,-0.9619345664978027,0.440884530544281
37,-0.01939544826745987,0.21130283176898956,1.3894652128219604,0.047029465436935425
38,2.2308530807495117,-0.4607135057449341,-0.7839260697364807,0.29455289244651794
39,0.4623396396636963,-1.8830044269561768,0.2001170814037323,0.9148653745651245
40,0.23927602171897888,0.053288012742996216,-0.7552198767662048,-0.5677744150161743
41,0.5088140964508057,-0.5931962728500366,0.5405906438827515,3.4610867500305176
42,-0.7633471488952637,0.8860765099525452,0.2986910045146942,0.05633416771888733
43,0.4771917164325714,0.4195002317428589,-0.42239266633987427,-0.843970775604248
44,-1.482996940612793,2.1370763778686523,0.2331249713897705,-0.1939217746257782
45,2.0772910118103027,0.3591795265674591,0.6927018761634827,0.8877308964729309
46,-1.612353801727295,-1.5285567045211792,-0.25191256403923035,-0.13079547882080078
47,-1.0788583755493164,-0.7248198986053467,-0.5826687812805176,1.3406779766082764
48,-1.0683025121688843,-0.21233101189136505,-0.7125358581542969,0.07226225733757019
49,0.1372479647397995,-0.11743881553411484,-2.281815528869629,0.10630567371845245
50,-1.089076280593872,0.7136918902397156,-1.4254240989685059,0.3313019871711731
51,-0.03268950805068016,1.0437390804290771,-2.104180097579956,-2.3631606101989746
52,0.5872244238853455,-0.20952528715133667,-1.4842060804367065,-0.23904596269130707
53,-1.4434924125671387,-1.3428956270217896,1.0681102275848389,1.6402599811553955
54,0.19630683958530426,0.538959264755249,-0.3188251256942749,-0.8469086289405823
55,-0.6353033781051636,-0.24270260334014893,0.38741421699523926,0.2370302975177765
56,1.550291657447815,-1.730560064315796,-0.15725205838680267,-0.011592535302042961
57,1.2676457166671753,-1.0949620008468628,0.4979126751422882,2.1631901264190674
58,-0.03961493819952011,-0.7184931039810181,-0.47503116726875305,0.7338172793388367
59,-0.7035911083221436,0.3552899956703186,-1.0652540922164917,0.12448873370885849
60,0.04770153388381004,1.4712978601455688,-0.2762470543384552,-0.8943513035774231
61,0.4529162645339966,0.07278433442115784,0.29170742630958557,-0.9420478940010071
62,1.1949032545089722,-1.0864715576171875,-1.021211862564087,1.0043989419937134
63,1.37594735622406,-1.978401780128479,-2.7866618633270264,-1.1412826776504517
64,-1.0845181941986084,-0.46680551767349243,-0.26712945103645325,-1.953861117362976
65,0.14983011782169342,-0.976294755935669,-0.6261469125747681,-0.19728301465511322
66,1.6430861949920654,0.9960407614707947,-1.319562554359436,-0.3319414258003235
67,-0.5430788993835449,-0.7327771186828613,1.143023133277893,1.2164504528045654
68,-0.3849458694458008,-1.6769375801086426,-0.11495465040206909,-1.5219616889953613
69,-0.9198976755142212,-0.2948128581047058,-0.8230201005935669,-0.38887515664100647
70,0.26883310079574585,-0.7721354365348816,1.055647373199463,0.28676658868789673
71,1.6215593814849854,-0.8329236507415771,0.09702590107917786,-1.03200364112854
72,-1.4429442882537842,0.21136751770973206,-1.184645414352417,1.2909752130508423
73,-1.0179088115692139,1.6232733726501465,1.3448885679244995,-0.6059200763702393
74,1.1720868349075317,-0.9836581349372864,0.16388031840324402,-0.5003068447113037
75,-0.34230706095695496,0.07477299869060516,-1.1913472414016724,0.611283540725708
76,0.8978347182273865,1.4031593799591064,-1.5851026773452759,-0.21760587394237518
77,-0.9170868396759033,-0.632887601852417,1.4333289861679077,0.1827627271413803
78,-1.0995793342590332,-1.2368159294128418,-0.8716297745704651,-0.581555962562561
79,-0.2113589197397232,1.627558708190918,-1.0560417175292969,-0.5494512915611267
80,1.061511754989624,-0.029537081718444824,-1.5940024852752686,-0.632147490978241
81,-1.4929262399673462,0.037018515169620514,-0.06198546290397644,-0.02748592384159565
82,-0.6740432381629944,-0.7851207256317139,0.9076395034790039,-0.04065682366490364
83,0.3328380584716797,-1.9747117757797241,-0.5553142428398132,0.6241739392280579
84,-0.5831685066223145,2.171915054321289,0.8853203058242798,1.052323579788208
85,0.07562834024429321,-0.4788876473903656,-1.5091326236724854,-0.45860785245895386
86,0.051456429064273834,1.623775839805603,1.3536235094070435,0.6716494560241699
87,1.3125537633895874,-0.6234501004219055,0.5265425443649292,-1.7022414207458496
88,0.6375728249549866,1.0127770900726318,0.11468725651502609,-0.7949241995811462
89,-0.905180037021637,0.3809504508972168,-1.616742491722107,0.42461347579956055
90,-0.5804299116134644,-0.5065751075744629,1.4221246242523193,-0.7723267078399658
91,-0.46055862307548523,-0.7970749139785767,-1.873165249824524,1.0360163450241089
92,-1.1173123121261597,-1.5901291370391846,-0.23448796570301056,-1.4152392148971558
93,-0.49641549587249756,-0.2733813524246216,-0.3051002323627472,0.008261997252702713
94,2.1045210361480713,-1.14994478225708,-0.12564103305339813,0.6020672917366028
95,2.420609951019287,-0.2591477632522583,-0.9054254293441772,-0.17310258746147156
96,-0.8022270202636719,2.0771243572235107,0.9821049571037292,0.7490233778953552
97,-0.7873194813728333,0.288436621427536,-1.7228703498840332,0.9870902299880981
98,-3.145714044570923,1.0892643928527832,0.23229195177555084,0.6848413348197937
99,-2.2489049434661865,-0.45220041275024414,0.32009533047676086,0.6368958353996277
100,0.3378182649612427,-1.313697099685669,0.11087169498205185,0.1423351764678955
101,-0.12980465590953827,0.10721643269062042,-0.851758599281311,-1.483371615409851
102,1.638322114944458,1.5362839698791504,1.5781331062316895,2.7325565814971924
103,-1.1535907983779907,-0.7155126333236694,-1.4550395011901855,-0.9310876131057739
104,-0.21025416254997253,-1.3683805465698242,0.2701825201511383,-1.1084814071655273
105,-3.567570924758911,0.9425193071365356,0.4400753080844879,-0.9021456837654114
106,-1.9451112747192383,1.0702403783798218,0.3222033977508545,-0.15126709640026093
107,0.2398296445608139,-1.452125072479248,-0.7877679467201233,-1.2962566614151
108,0.8451518416404724,-1.1006901264190674,1.099774718284607,0.23758187890052795
109,-1.1217689514160156,-1.1782656908035278,0.32976624369621277,-1.0609221458435059
110,-0.7292077541351318,-0.6763548851013184,-0.34567439556121826,0.8994483351707458
111,-0.549821674823761,-0.013268113136291504,0.1900855153799057,0.8568937182426453
112,-0.9366012811660767,-0.1284077763557434,-0.36865875124931335,-0.2596833109855652
113,0.11548954993486404,0.21736249327659607,-0.4049649238586426,-1.3124654293060303
114,-0.7596119046211243,1.0492591857910156,0.7720645070075989,-1.682020664215088
115,-0.6345834732055664,-1.0768855810165405,0.35433077812194824,1.2296903133392334
116,1.0521864891052246,-1.1943655014038086,2.3448848724365234,-0.5485249757766724
117,-0.9763858318328857,0.4674200415611267,-0.6976244449615479,-1.531960368156433
118,0.92482590675354,-1.4622118473052979,0.3305965065956116,-0.8740149140357971
119,1.4011033773422241,-0.7079377770423889,-1.6458399295806885,1.2890902757644653
120,0.9817346930503845,-0.8327199220657349,0.39483529329299927,-0.6364460587501526
121,0.3534013628959656,-0.4144136905670166,0.13163399696350098,0.3429396450519562
122,0.522334098815918,1.111409068107605,1.702379584312439,2.952518939971924
123,-0.8385215401649475,0.2803216278553009,-0.07515595108270645,0.3477301597595215
124,-0.43694818019866943,0.8180701732635498,0.8063355684280396,0.17124009132385254
125,1.1306885480880737,0.7072626352310181,-0.2410290688276291,-0.8332630395889282
126,-0.3251284658908844,-1.2852232456207275,-1.4856548309326172,0.1435718536376953
127,-0.19322574138641357,0.0995510071516037,1.0473108291625977,1.085997462272644
128,0.123239666223526,-1.4979310035705566,-1.438574194908142,0.16647684574127197
129,-1.8066277503967285,-1.291360855102539,0.4319586455821991,1.2068336009979248
130,1.1552088260650635,-0.06801259517669678,2.0464043617248535,0.7997251749038696
131,0.5473732352256775,-1.1670620441436768,0.17479939758777618,-1.7716071605682373
132,0.7589097023010254,0.23740851879119873,0.4835613965988159,-0.5980139970779419
133,0.7104033827781677,-0.7832032442092896,-0.7704741954803467,1.0722754001617432
134,-1.8965123891830444,-0.45996594429016113,0.7844871878623962,0.7929354906082153
135,-1.121378779411316,-2.182875633239746,-1.9416471719741821,1.0280660390853882
136,0.6050628423690796,0.08925127983093262,-0.6351150870323181,-0.5249626040458679
137,-0.014881690964102745,-1.0969290733337402,-0.5041713714599609,-1.4362972974777222
138,1.2593369483947754,-0.7579599618911743,-0.22870126366615295,2.558382511138916
139,-0.03454985469579697,-1.0970439910888672,3.2165610790252686,0.3907802700996399
140,0.8678206205368042,-0.31733548641204834,-0.5715770721435547,1.0566413402557373
141,-1.4370232820510864,0.8127154111862183,0.6060946583747864,1.052257776260376
142,-0.8924152255058289,-0.5251736044883728,-1.9608938694000244,0.41927066445350647
143,-1.0845136642456055,0.5423070788383484,1.2556431293487549,-0.2916187345981598
144,0.9434508085250854,0.5240963101387024,-1.0083644390106201,-0.06429697573184967
145,0.6171338558197021,0.8452351093292236,-0.3090214431285858,-0.2063916176557541
146,-2.7149887084960938,-0.087765634059906,-2.3681395053863525,0.3226759135723114
147,-2.2017569541931152,-0.5834733247756958,0.030734363943338394,0.2944282591342926
148,1.7283639907836914,-1.049765706062317,-0.4272342622280121,0.005441675893962383
149,1.4171457290649414,-0.4022640287876129,2.927155017852783,0.2780890464782715
150,0.8140125274658203,-0.542036771774292,0.6831298470497131,2.039405345916748
151,-0.9914442896842957,1.1721489429473877,-0.5906680822372437,-0.05299984663724899
152,-0.5487348437309265,1.4500508308410645,-0.6742467284202576,-0.33860015869140625
153,0.4331592917442322,-0.18926621973514557,-0.1660144031047821,-0.26641473174095154
154,-1.6822247505187988,-0.9090861678123474,2.0575613975524902,1.894753098487854
155,-0.8922522664070129,1.3826706409454346,0.33728083968162537,1.5398168563842773
156,-1.7602227926254272,1.755097508430481,0.8815070390701294,-2.2570700645446777
157,1.4118907451629639,-1.2122470140457153,0.6404423713684082,2.20796275138855
158,2.288642168045044,-0.540375828742981,0.2725115716457367,-0.18070396780967712
159,-0.32479211688041687,-1.0214194059371948,-0.9128265380859375,-0.61556476354599
160,0.29857945442199707,-1.1623141765594482,0.904761791229248,0.9665311574935913
161,-0.2617722451686859,1.052308440208435,-1.1856489181518555,0.3540637493133545
162,0.8406231999397278,-1.1079298257827759,-0.4635874629020691,0.6880697011947632
163,2.304102897644043,0.5300095677375793,-0.3848911225795746,1.2343214750289917
164,-1.6915559768676758,-1.7509105205535889,0.48540055751800537,0.9712033867835999
165,0.43975648283958435,-0.8939099311828613,-0.24163396656513214,0.5803158283233643
166,-1.3808037042617798,-1.4827797412872314,-0.2849777042865753,1.5970702171325684
167,1.0883675813674927,1.1188290119171143,-0.6529751420021057,-1.285607099533081
168,-0.360341340303421,0.4889340400695801,0.30193793773651123,-0.9931766986846924
169,0.4693935513496399,0.8711298108100891,-0.2803281545639038,0.3827534317970276
170,-0.7724850177764893,-0.04159870743751526,0.093435138463974,0.7269518971443176
171,0.9452751278877258,-0.8697093725204468,0.8646379113197327,-0.05255815386772156
172,-0.9458850026130676,-0.41001540422439575,0.6499046683311462,0.3331504762172699
173,-0.35906195640563965,1.006901502609253,0.4172112047672272,0.7137673497200012
174,0.013381268829107285,0.02701246738433838,0.8171334266662598,-0.7215894460678101
175,-0.659599244594574,-0.1521666795015335,0.7153778076171875,0.11201585084199905
176,0.1426718533039093,0.33638373017311096,-1.0510491132736206,1.399452567100525
177,0.29066091775894165,-1.515716314315796,-1.5118632316589355,0.5396313071250916
178,-1.158152461051941,-0.5809741020202637,0.5833029747009277,-0.9382501244544983
179,-0.05951860919594765,-0.952181875705719,0.4675164222717285,0.9383153319358826
180,-0.5758084654808044,0.706953227519989,0.5345147848129272,0.5570975542068481
181,1.0540919303894043,1.4381054639816284,1.3765870332717896,-0.294952929019928
182,-0.952677309513092,0.021307945251464844,0.8170179724693298,1.775130033493042
183,1.3266538381576538,0.12417742609977722,-1.3555471897125244,1.2329719066619873
184,-1.6227608919143677,-0.1869208812713623,0.5147490501403809,1.757537841796875
185,1.4107657670974731,2.1365549564361572,1.3244872093200684,0.8745909929275513
186,-1.0355968475341797,-0.30434930324554443,-1.049694538116455,-0.7471552491188049
187,0.5456576943397522,0.16622018814086914,-0.02408420294523239,-0.8273915648460388
188,-0.3883659839630127,1.6130412817001343,-2.6537680625915527,0.9603853225708008
189,1.019720435142517,0.2461845874786377,1.5601751804351807,-0.7440978288650513
190,2.3886971473693848,0.4683147966861725,-0.84281986951828,-0.012895478866994381
191,-0.6911542415618896,-2.112698793411255,0.03336454927921295,-0.5785754323005676
192,0.24925170838832855,1.1388055086135864,0.09925325959920883,-1.2453887462615967
193,1.601077675819397,2.295759439468384,0.6804705262184143,-0.7676622271537781
194,1.1827257871627808,-0.4140699505805969,0.09926137328147888,-0.6136492490768433
195,0.18313591182231903,0.7762279510498047,0.5996724963188171,2.740882396697998
196,0.601611316204071,-0.7840213179588318,2.0434818267822266,-1.214266300201416
197,1.2566146850585938,0.2808409333229065,2.6693456172943115,-0.1442326009273529
198,-1.7440215349197388,-1.0500484704971313,-0.22561028599739075,0.6207049489021301
199,0.03718126192688942,0.6429018974304199,-1.1034332513809204,-1.3758354187011719
200,-0.22541260719299316,0.5693106651306152,0.541606605052948,1.1352183818817139
201,0.5844214558601379,1.2799358367919922,0.2506544291973114,0.7818599939346313
202,2.167447328567505,0.7792903184890747,0.7320852279663086,0.15991167724132538
203,-0.05804929882287979,0.01782292127609253,1.3184504508972168,-0.09469819813966751
204,0.2635096311569214,-1.2599414587020874,-1.914514183998108,-1.1818900108337402
205,0.9219846725463867,-1.270542025566101,-0.617189884185791,0.9330347180366516
206,0.7919847965240479,1.9588035345077515,0.26070263981819153,0.8081640005111694
207,0.6584813594818115,1.7969927787780762,0.48741012811660767,-0.19488142430782318
208,0.398118793964386,1.2774815559387207,0.6676539778709412,-0.5063248872756958
209,-1.8370895385742188,1.0032597780227661,1.1855101585388184,-1.9582639932632446
210,0.09798707813024521,0.5570260286331177,2.323355197906494,0.13894745707511902
211,0.2383899986743927,-0.1716984510421753,0.6041705012321472,-1.6373343467712402
212,0.562073290348053,1.3356698751449585,0.6292476654052734,1.7862203121185303
213,-1.1239447593688965,-0.767347514629364,-1.6237343549728394,-0.6570855975151062
214,2.1704041957855225,-0.7303671836853027,-0.520837128162384,-1.0158703327178955
215,0.5712913870811462,-0.4325104355812073,0.9174757599830627,-1.1636313199996948
216,0.8743881583213806,-0.997246503829956,0.37155038118362427,-1.9244120121002197
217,0.7989996671676636,-0.8841789960861206,1.6975785493850708,-1.0613987445831299
218,-0.5100136399269104,0.5050687789916992,-1.4786814451217651,-0.4865461587905884
219,1.8537873029708862,1.2324761152267456,0.7848598957061768,1.308432698249817
220,-0.13134048879146576,0.6027050614356995,-1.7376554012298584,-2.166754722595215
221,0.9923960566520691,0.2229110300540924,-1.2922214269638062,0.033926717936992645
222,-0.30277198553085327,-1.6031010150909424,-1.602080225944519,-0.6807653903961182
223,0.6313930153846741,0.7972538471221924,-1.5920088291168213,-0.37111926078796387
224,0.4622862935066223,1.3950648307800293,-0.5610091090202332,-1.447062373161316
225,0.034625716507434845,-0.9894964694976807,-0.8172937631607056,-0.05601045861840248
226,-0.22087405622005463,-1.2114930152893066,0.09152358770370483,-0.8447908759117126
227,-1.953706979751587,1.114293098449707,-2.3616528511047363,-0.5099352598190308
228,-2.1086719036102295,0.3252917528152466,-0.32968422770500183,-1.1912250518798828
229,-0.02836877852678299,-0.9769178628921509,-0.36903440952301025,-2.0891425609588623
230,0.20788787305355072,0.5881400108337402,0.2550216317176819,1.3849804401397705
231,0.24317634105682373,0.5066710710525513,1.7873783111572266,-0.040665723383426666
232,-1.0916599035263062,1.7808507680892944,-0.7881713509559631,-1.3850109577178955
233,-1.9406445026397705,0.2395763099193573,0.8746760487556458,1.817380428314209
234,0.5061310529708862,0.31873422861099243,-0.26185086369514465,-2.0227293968200684
235,-0.749494731426239,1.2194569110870361,2.2979321479797363,-0.6080752015113831
236,-1.604293704032898,0.8898043036460876,-0.8874423503875732,0.07712797820568085
237,-0.7865450382232666,-1.2465205192565918,1.7052167654037476,1.2428258657455444
238,-0.5154004096984863,1.0676467418670654,1.0455217361450195,1.4584792852401733
239,0.5781799554824829,-1.423933744430542,0.26427000761032104,-0.813288152217865
240,1.4598661661148071,-0.833682656288147,-0.08128833770751953,-0.3714011311531067
241,1.1964415311813354,0.20293819904327393,0.42076632380485535,-1.5888803005218506
242,1.4527310132980347,0.45260000228881836,0.09904715418815613,-0.5288876295089722
243,1.4809623956680298,2.4217171669006348,-0.3507552146911621,-0.07024416327476501
244,1.183781623840332,-0.3038172125816345,-1.0260082483291626,-0.041025545448064804
245,0.5050783157348633,1.1757439374923706,1.4341310262680054,0.7322536706924438
246,0.09078177064657211,1.483611822128296,1.5035659074783325,1.0546624660491943
247,0.8765864968299866,-1.7597013711929321,-0.6164094805717468,-0.007376613095402718
248,3.704087972640991,-0.545661449432373,-0.23957936465740204,-1.398683786392212
249,-0.31713083386421204,-1.1564072370529175,-0.08409709483385086,0.2869781255722046
250,1.3793532848358154,0.5066317319869995,-0.12360402196645737,0.9320340156555176
251,0.18004240095615387,-1.6549131870269775,0.42488327622413635,1.31658935546875
252,-0.6032438278198242,0.3400723934173584,0.5025780200958252,-0.7461854219436646
253,-0.5925024747848511,-1.116493582725525,0.26883941888809204,-0.6025576591491699
254,-0.6900781989097595,1.13673734664917,-0.5564948916435242,-0.46292734146118164
255,1.576167345046997,-0.19889134168624878,-0.49512606859207153,1.2027157545089722
256,0.27628621459007263,0.9175776839256287,0.9784367084503174,-0.43168070912361145
257,1.1020121574401855,-0.40283679962158203,1.2912979125976562,1.0683499574661255
258,0.6812776923179626,-2.0021255016326904,-0.3200594484806061,-0.37031739950180054
259,-1.0041370391845703,-0.8688076138496399,-0.3473755121231079,0.16904783248901367
260,0.41504260897636414,-0.5127902030944824,2.5922000408172607,0.4432903826236725
261,0.1769898682832718,0.7772338390350342,-0.7867509722709656,1.6213704347610474
262,0.07550152391195297,1.3425605297088623,-0.1968628317117691,1.4597831964492798
263,-0.7928820252418518,0.8412901163101196,0.01047505997121334,-0.8349120616912842
264,0.4202154874801636,-1.2479455471038818,0.4934225380420685,-1.7261534929275513
265,-0.40592801570892334,1.642616868019104,-0.20046992599964142,-1.3117437362670898
266,0.3235723376274109,-0.9365965127944946,-0.11865337938070297,-1.8653852939605713
267,2.51755428314209,-0.29304301738739014,-0.017154406756162643,-0.9064019322395325
268,0.18298296630382538,0.6718697547912598,-0.3221845328807831,0.532812237739563
269,-0.07829337567090988,0.7869775891304016,-0.7945287823677063,0.49336907267570496
270,-0.6499782800674438,0.17108555138111115,-0.018379416316747665,-1.099542498588562
271,-2.1277875900268555,-1.3126472234725952,0.5251742005348206,0.7159526944160461
272,1.4661259651184082,-0.399358868598938,1.1208723783493042,-0.1940549910068512
273,-0.5951552391052246,-0.8847739696502686,0.7044019103050232,0.343624472618103
274,-0.4504459798336029,-0.236691415309906,-0.2120158076286316,-0.24490271508693695
275,-0.166782408952713,-1.0136568546295166,1.0586647987365723,-0.08004071563482285
276,0.5985937118530273,0.9626442193984985,1.5361511707305908,-0.7040993571281433
277,1.2016870975494385,0.8922250270843506,-0.31111347675323486,0.546147882938385
278,0.8584465384483337,0.3919124901294708,-0.45474645495414734,-0.7278144359588623
279,0.5721312761306763,-1.559612512588501,-1.0993014574050903,-1.1067192554473877
280,1.0965417623519897,1.5846519470214844,0.43688341975212097,-0.3619023263454437
281,-0.12640134990215302,-1.3429539203643799,0.5707469582557678,1.3674036264419556
282,-0.025482315570116043,-0.3865249752998352,-0.1580878049135208,0.90276038646698
283,-0.9047966003417969,-0.27052056789398193,-0.9249733090400696,0.09390231221914291
284,-0.17536495625972748,0.3708854615688324,-1.3763285875320435,1.7945456504821777
285,-2.3896303176879883,-0.5257475972175598,-1.5232696533203125,-0.20388320088386536
286,0.9475725293159485,0.2972099483013153,-1.4151240587234497,-0.1200384646654129
287,-0.05169196426868439,0.848770260810852,0.41020530462265015,0.12773436307907104
288,0.8147597908973694,1.1546685695648193,-0.07540059834718704,-0.0006135141011327505
289,0.7245625257492065,0.09917010366916656,-1.7454545497894287,0.6835651397705078
290,0.03308843821287155,-0.8098912239074707,0.6482880115509033,-2.103271961212158
291,1.0447814464569092,-1.0408703088760376,0.312102735042572,-0.12734833359718323
292,0.1214391216635704,0.6574705243110657,0.3141023814678192,1.487271785736084
293,-1.7749313116073608,1.3945355415344238,0.44783785939216614,-0.6009408831596375
294,-0.14896246790885925,-0.940772294998169,-1.4741034507751465,-0.302897572517395
295,0.5735360980033875,0.42219918966293335,0.2226487100124359,-0.29427334666252136
296,-0.08785118907690048,0.35006359219551086,-0.8396925926208496,0.3686904013156891
297,-0.6972568035125732,-1.4309971332550049,1.2072190046310425,-0.9429028034210205
298,1.0183049440383911,0.4235398471355438,1.0773839950561523,-0.25090742111206055
299,0.3699992597103119,-0.0216616690158844,1.4513936042785645,-0.08981993049383163
300,1.28409743309021,0.5180684328079224,-0.07616373896598816,0.2576000988483429
301,0.09505584836006165,1.073360562324524,-0.049979500472545624,0.18524597585201263
302,0.31014442443847656,-0.04051375389099121,1.2629539966583252,-0.34313544631004333
303,0.11458897590637207,0.19859135150909424,0.6291050314903259,-0.3860267102718353
304,-0.914943516254425,0.5942174792289734,-0.7630889415740967,-0.37460625171661377
305,-0.029205352067947388,-0.22532016038894653,1.6865661144256592,1.6421390771865845
306,-2.1541879177093506,1.1925039291381836,-0.6234848499298096,-0.8717010617256165
307,-0.7967888116836548,-2.131662368774414,0.5575811862945557,-1.0378258228302002
308,-1.3171472549438477,0.013794898986816406,0.4675167202949524,1.689179539680481
309,-1.3869829177856445,-0.665797770023346,1.1155595779418945,-0.14278334379196167
310,-0.6556552648544312,0.9336124658584595,0.019212957471609116,-0.7180444002151489
311,0.5968371033668518,0.7834040522575378,-0.045504458248615265,-1.6115971803665161
312,-0.627338171005249,-2.0561487674713135,-0.8795097470283508,0.5744357109069824
313,-1.1218867301940918,2.2269511222839355,-0.8804448246955872,0.16506387293338776
314,-0.5109913945198059,1.0911502838134766,-1.4490448236465454,-0.6460914611816406
315,0.5590511560440063,-0.354684442281723,-1.22455894947052,1.1845957040786743
316,0.21868421137332916,0.562012791633606,-0.6668246388435364,0.9489325284957886
317,0.49559780955314636,0.489723265171051,0.14363782107830048,-0.5629215240478516
318,-1.5871496200561523,-0.5077162981033325,-0.6084074974060059,-0.9642388820648193
319,-0.4032396078109741,0.08888044953346252,0.5364848375320435,-0.13552211225032806
320,0.8416168689727783,0.09480810165405273,0.8376341462135315,-0.1190887838602066
321,0.4038366377353668,-1.50759756565094,-2.0446043014526367,0.47783657908439636
322,0.8589656352996826,-0.2909267246723175,-1.7951693534851074,-1.9850965738296509
323,-1.416082501411438,-0.6346162557601929,0.44296833872795105,-1.5007978677749634
324,1.2701635360717773,7.146596908569336e-05,-0.8356496691703796,-1.1366791725158691
325,1.2247884273529053,1.6799561977386475,-1.7631524801254272,-0.9696840643882751
326,-0.8174297213554382,-0.8733406066894531,-0.26892730593681335,-2.000824213027954
327,-1.7203882932662964,0.5935836434364319,-0.30757710337638855,-0.577680230140686
328,1.647181510925293,1.4132797718048096,0.43426549434661865,0.5759329795837402
329,1.3570029735565186,-0.10082289576530457,-0.227091446518898,0.69679194688797
330,0.6130701899528503,-1.0563089847564697,-0.2589139938354492,-0.23570451140403748
331,-1.028791904449463,0.11519014835357666,0.29112938046455383,-0.2245851755142212
332,2.465303421020508,1.2671425342559814,-0.17353904247283936,-0.4943084716796875
333,-1.0936473608016968,1.3608144521713257,-0.13199402391910553,0.15746928751468658
334,1.4077683687210083,0.01170995831489563,-0.29008036851882935,1.3620463609695435
335,0.09052623808383942,-1.227283239364624,1.0692925453186035,1.2632980346679688
336,0.4139558970928192,1.0963070392608643,0.03440240025520325,-1.2444819211959839
337,2.076913833618164,-1.3236215114593506,0.852117657661438,0.28013694286346436
338,-1.2071475982666016,0.49827975034713745,1.1591143608093262,-0.3005225360393524
339,0.8169403076171875,0.8464166522026062,-0.19784121215343475,0.46731680631637573
340,-0.8437495827674866,1.0702149868011475,-0.814464271068573,-1.9844378232955933
341,-1.451116919517517,0.3530791997909546,0.4109748601913452,2.366971015930176
342,-2.5674636363983154,1.15378999710083,-1.5574567317962646,-0.35694620013237
343,0.5532825589179993,-0.5264764428138733,1.6642577648162842,0.01949284039437771
344,1.3941243886947632,0.009098351001739502,-0.4023102819919586,-0.9304705858230591
345,1.9039158821105957,-0.71457839012146,0.7826206088066101,1.3011406660079956
346,-0.26199522614479065,-0.4001733660697937,-1.6918632984161377,-0.8996680974960327
347,0.12928582727909088,0.4048118591308594,0.42700353264808655,-1.3153777122497559
348,0.922838032245636,0.9739629030227661,-0.24434374272823334,0.7198948264122009
349,-1.4828670024871826,0.6253378391265869,-0.09184186905622482,-0.0639222264289856
350,0.5728561878204346,-0.5533655285835266,-0.18960040807724,-0.4992372989654541
351,-0.553040087223053,-0.30321449041366577,0.5959733128547668,0.7280073165893555
352,-1.5758789777755737,-0.24437761306762695,1.3206472396850586,-0.7089350819587708
353,-0.6017642617225647,-0.7012978792190552,-0.5278319120407104,-0.4697705805301666
354,-1.1429765224456787,0.7895962595939636,0.09679312258958817,0.8390045166015625
355,-0.3882685899734497,0.8056874871253967,0.34609395265579224,-1.993138074874878
356,-1.2210795879364014,0.3522290885448456,0.7628395557403564,1.4995498657226562
357,0.12797527015209198,-1.267430305480957,-0.5943968296051025,1.0269330739974976
358,1.2268763780593872,0.20026051998138428,0.8520705699920654,0.6668286919593811
359,-0.6065505146980286,1.1698496341705322,0.6576101779937744,-0.967853844165802
360,0.7439549565315247,0.6022182703018188,-2.4010708332061768,-0.45639660954475403
361,0.7046748995780945,0.7562243938446045,1.14651620388031,0.2269248068332672
362,-1.1952753067016602,0.7611873149871826,-1.313876748085022,-0.16856792569160461
363,1.4674298763275146,-0.07204800844192505,-0.5868030786514282,-0.422402560710907
364,0.6516067981719971,0.20175576210021973,-1.370835781097412,-1.070501685142517
365,0.3680223822593689,0.43216484785079956,0.9576363563537598,0.51015305519104
366,-0.29654955863952637,-0.5767167806625366,-0.48515793681144714,-1.2231334447860718
367,0.2842373549938202,0.764297604560852,1.3262898921966553,1.5560067892074585
368,0.5663630962371826,-0.4283655285835266,0.9153638482093811,0.07245504856109619
369,1.3793851137161255,0.6090666055679321,-1.1325113773345947,-0.17602625489234924
370,-0.2856321334838867,0.8033254742622375,-0.6532612442970276,0.36055541038513184
371,0.9267156720161438,-1.585038423538208,0.4265500009059906,0.4347821772098541
372,-2.734876871109009,-0.3258083760738373,-0.42183732986450195,0.02810991182923317
373,1.0605374574661255,-0.9405941963195801,0.036273159086704254,-0.04432448744773865
374,0.930046796798706,0.1362958550453186,-0.6620290279388428,-0.48677435517311096
375,1.315273642539978,-1.9888176918029785,-0.19160881638526917,0.6562463045120239
376,0.9147941470146179,0.08030632138252258,1.137786865234375,-0.15024420619010925
377,-1.7161988019943237,0.3205053508281708,-1.5273542404174805,-0.946013331413269
378,1.314461588859558,-1.5659784078598022,-1.170817494392395,-0.4356696307659149
379,0.20742791891098022,0.9618510007858276,-0.8408812880516052,-1.6434674263000488
380,-0.10677109658718109,1.8273699283599854,1.2508198022842407,0.9736204743385315
381,1.0782815217971802,-1.2586276531219482,-0.9167960286140442,0.2680175304412842
382,-0.8118284940719604,0.8755162954330444,0.19096113741397858,0.5733817219734192
383,-1.1782424449920654,0.1637555956840515,-2.6226842403411865,1.0197349786758423
384,-0.07133853435516357,-1.2732491493225098,-0.32808718085289,1.6893513202667236
385,0.9513797760009766,0.7028214335441589,1.3084923028945923,0.8448082804679871
386,0.7382479906082153,-0.21666038036346436,0.44847729802131653,-0.710140585899353
387,0.07903967052698135,1.113887071609497,1.465630292892456,-0.3759901821613312
388,-0.07268521934747696,0.32865074276924133,-1.503796935081482,0.7700236439704895
389,-0.8127146363258362,-0.9260190725326538,2.104783773422241,-1.1440421342849731
390,0.37625935673713684,-0.12241441011428833,-1.1875802278518677,1.257592797279358
391,0.7789745926856995,-0.29373228549957275,-1.8986655473709106,-0.29978522658348083
392,-1.2239673137664795,-1.5726590156555176,1.1152856349945068,1.292233943939209
393,-1.1224801540374756,-1.470984697341919,0.8608506321907043,1.8525965213775635
394,0.780906617641449,0.5362124443054199,1.4638690948486328,0.9625706672668457
395,-1.2587611675262451,-0.590961217880249,-0.8735679388046265,0.4965065121650696
396,-0.6347076296806335,1.4062471389770508,-0.31966668367385864,-0.21468231081962585
397,-0.18545329570770264,0.9912008047103882,1.3419636487960815,0.6569502353668213
398,1.6429994106292725,0.34312838315963745,1.8976980447769165,-0.5644227862358093
399,1.4291750192642212,1.0324747562408447,0.3860340416431427,1.4589464664459229
400,-0.03859215974807739,-1.8957221508026123,-0.37126997113227844,-0.5949848890304565
401,0.2071978747844696,0.5238016843795776,0.9950798153877258,-2.012425422668457
402,1.5132787227630615,1.4729466438293457,1.2530373334884644,0.27549272775650024
403,0.4086453318595886,-0.18441356718540192,-0.770287036895752,-1.5211381912231445
404,1.5204064846038818,-0.7093247175216675,1.0646860599517822,1.1464495658874512
405,0.6728769540786743,0.7136913537979126,-0.24825094640254974,0.25529295206069946
406,-0.4579550623893738,1.4486162662506104,-0.08481454849243164,-1.6181467771530151
407,0.04315745085477829,1.5341176986694336,0.2149783968925476,0.22246502339839935
408,0.28267475962638855,-1.2498788833618164,-0.8989681005477905,0.8134253621101379
409,-0.4275811016559601,0.4019566774368286,-0.5069966912269592,1.5243620872497559
410,0.9797450304031372,0.9117310047149658,0.22476589679718018,0.8664026856422424
411,-1.6976832151412964,-0.12289506196975708,0.43180325627326965,-0.9279431104660034
412,0.35781240463256836,-0.66310715675354,-0.2530645728111267,-0.690632700920105
413,-1.2481087446212769,-0.08159549534320831,1.3119629621505737,-2.0016560554504395
414,-0.7527638077735901,-0.6796900033950806,0.08514965325593948,-0.41185256838798523
415,2.3135597705841064,1.2760372161865234,-0.20094503462314606,-0.7603087425231934
416,0.6726536750793457,2.2563538551330566,-0.09722794592380524,0.4437800347805023
417,-0.11939093470573425,0.3810862898826599,0.000649836496450007,-0.5332090854644775
418,-0.24499303102493286,0.35638049244880676,0.2866918742656708,-0.7596219778060913
419,-0.6223059892654419,-1.5270299911499023,-0.0010048751719295979,-0.4164588749408722
420,0.606504499912262,1.07123601436615,-2.002124071121216,0.5600399971008301
421,0.2920575737953186,-0.847406268119812,0.3447733223438263,-0.8525598049163818
422,1.5628594160079956,-1.8237934112548828,-1.4531913995742798,-0.15652555227279663
423,-0.7605229616165161,-1.0091907978057861,-1.322659969329834,0.36841896176338196
424,-0.294399619102478,0.10411447286605835,-0.05979596823453903,-0.6049628257751465
425,0.4610404968261719,-2.2545690536499023,-0.3186839818954468,-0.11031351238489151
426,0.3924958109855652,-0.0877508819103241,-0.9608200192451477,1.1233102083206177
427,1.3170310258865356,-0.6115806698799133,1.6828668117523193,1.3867576122283936
428,2.8355026245117188,-1.5137617588043213,-0.017819862812757492,-1.036135196685791
429,0.1625065952539444,1.2369017601013184,-0.2644417881965637,-0.4790269136428833
430,1.338663935661316,-0.5803523063659668,-0.052298713475465775,0.9933221340179443
431,0.7740631103515625,-1.2546086311340332,-1.123374581336975,-1.0858091115951538
432,-2.1497879028320312,-0.21527384221553802,-0.22418257594108582,-0.8529614210128784
433,-1.0000349283218384,-0.3940587043762207,0.010770637542009354,-1.2519644498825073
434,0.29750147461891174,1.3024258613586426,-0.13628779351711273,1.0292272567749023
435,0.7887347936630249,-0.04413263499736786,0.8008831143379211,-0.14845295250415802
436,0.10669517517089844,1.398921251296997,-1.1752468347549438,0.4245784282684326
437,-0.8930212259292603,0.1352907121181488,-0.6012209057807922,0.815243124961853
438,-1.1453334093093872,-0.09541696310043335,0.28059232234954834,0.027215775102376938
439,-0.49507033824920654,-0.15215086936950684,-0.6446455717086792,-0.7825952768325806
440,-0.8297746181488037,1.0772311687469482,1.7408703565597534,-0.16026470065116882
441,-1.7950265407562256,0.38646724820137024,-0.31710705161094666,-0.27981045842170715
442,1.2225909233093262,-0.9433504343032837,0.4846142530441284,0.8441232442855835
443,1.3403388261795044,0.5531964302062988,-0.31127265095710754,0.48517894744873047
444,-0.49915000796318054,0.7343096733093262,1.8749350309371948,1.0332876443862915
445,0.9233238697052002,1.863335371017456,-0.40557920932769775,-1.80963134765625
446,-0.4452524483203888,0.9343717098236084,-2.2298312187194824,-0.5143487453460693
447,-0.7743551731109619,0.23832017183303833,-0.36009681224823,-0.2752774953842163
448,-1.1761765480041504,-1.9729244709014893,1.6313951015472412,-0.2542378902435303
449,0.4512394666671753,0.9539424180984497,-0.8864439129829407,2.411557674407959
450,-0.6402381658554077,0.36085250973701477,-0.5611869096755981,0.32384467124938965
451,1.0093441009521484,-0.18916118144989014,-0.6727925539016724,0.663623571395874
452,-0.01811790093779564,0.921213686466217,-1.0874850749969482,0.10288839787244797
453,1.8558539152145386,-0.30648261308670044,1.091772437095642,-0.9717357754707336
454,0.777181088924408,0.7170218825340271,-0.04847918078303337,0.7247524261474609
455,-0.2360619604587555,2.0157344341278076,-0.011727504432201385,-0.302787184715271
456,-1.2363016605377197,-1.2179160118103027,-1.6793206930160522,-0.2362450659275055
457,1.4457664489746094,1.7284352779388428,0.8143869638442993,1.1189614534378052
458,0.11277037858963013,1.2175371646881104,-1.176746129989624,0.21066069602966309
459,-0.21857035160064697,-2.1235172748565674,-0.5251993536949158,-0.008652918972074986
460,0.8705235123634338,0.9224247932434082,0.7620620131492615,-1.9086006879806519
461,0.5509559512138367,0.5778346061706543,0.35663801431655884,0.6773321032524109
462,1.2014572620391846,0.642937183380127,1.7567400932312012,0.6236759424209595
463,0.36519041657447815,1.0110504627227783,-0.5610418915748596,0.22725842893123627
464,-1.1296987533569336,0.49214881658554077,0.43723028898239136,-0.07739568501710892
465,0.3204221725463867,1.1128931045532227,1.3994168043136597,-0.12217811495065689
466,1.4531842470169067,0.7317131757736206,-1.1771516799926758,-0.5441228151321411
467,1.780930519104004,1.3331044912338257,-1.8461873531341553,-2.046865463256836
468,0.46572110056877136,-1.534360408782959,-0.4332773685455322,-0.11393412947654724
469,-0.6376640796661377,-0.7918258905410767,0.05840728059411049,-0.8228974938392639
470,-0.46702295541763306,-0.8733657002449036,0.5913678407669067,0.3290451467037201
471,-0.18164831399917603,0.4252932369709015,2.0127360820770264,0.4229828119277954
472,2.000957727432251,0.906421959400177,2.198847532272339,1.8713653087615967
473,-0.1646825522184372,-0.5883689522743225,0.4346499741077423,-1.1862163543701172
474,-0.7086828351020813,0.2902275025844574,-1.229063630104065,-0.88600754737854
475,0.5731170773506165,2.171724796295166,0.5151690244674683,-0.049270279705524445
476,-1.8917319774627686,-0.4218519926071167,-0.2739061415195465,0.28539741039276123
477,0.5615148544311523,-0.25305914878845215,-1.3739640712738037,-0.43069636821746826
478,-0.2791783809661865,0.7469320297241211,-0.10547219216823578,0.39344891905784607
479,0.9815259575843811,1.4571919441223145,-2.194547176361084,-0.7289865016937256
480,1.042220115661621,-0.9593731164932251,-1.3817082643508911,-1.5122973918914795
481,1.1722100973129272,0.5248592495918274,-0.8450816869735718,0.7821845412254333
482,-0.45855969190597534,-1.7084095478057861,-0.9915094971656799,-0.010067969560623169
483,1.2219659090042114,1.8376426696777344,0.7579560279846191,1.9612107276916504
484,0.060105010867118835,-0.7060196995735168,0.4153294563293457,-0.23267748951911926
485,0.6960013508796692,1.1051007509231567,0.41912221908569336,1.3029903173446655
486,-1.0534995794296265,1.1357836723327637,0.4142981767654419,0.13586892187595367
487,-0.6492205262184143,0.1696103811264038,0.2955108880996704,2.01434326171875
488,-0.006398298311978579,1.1788229942321777,-2.7098453044891357,-0.36062777042388916
489,-0.7221737504005432,-1.6397820711135864,0.21908217668533325,-0.21905328333377838
490,-0.2210627943277359,-1.5402806997299194,-0.8538114428520203,1.2655161619186401
491,-1.5078740119934082,-0.164087176322937,-0.6899094581604004,-0.7588854432106018
492,-0.21133385598659515,-0.7263213396072388,-0.09755459427833557,-0.8413389921188354
493,-0.29235273599624634,-1.0626411437988281,-0.4474186599254608,0.913344144821167
494,-0.2313399314880371,1.0978010892868042,-1.0437514781951904,-0.10544431954622269
495,0.006445047911256552,0.12309814244508743,-0.46954116225242615,0.5997134447097778
496,2.109945774078369,1.2477387189865112,-1.499842882156372,-0.273037314414978
497,-0.09763061255216599,-0.4597443640232086,0.3026433289051056,0.5718701481819153
498,-0.9810963869094849,-0.9494199156761169,0.32531002163887024,-1.1527040004730225
499,-0.7991202473640442,-0.38254329562187195,0.8447309732437134,0.7441508173942566
500,1.1870113611221313,0.18781255185604095,0.5269780158996582,-0.011503876186907291
501,-0.26872605085372925,-1.014811635017395,-0.8531614542007446,-0.028771860525012016
502,1.5970308780670166,-1.1178998947143555,-1.3656114339828491,0.7069116830825806
503,0.3544921576976776,0.16892489790916443,-2.7705724239349365,0.8119960427284241
504,-0.9088956713676453,1.0403592586517334,-0.5229825973510742,-2.7768747806549072
505,2.3872718811035156,-1.023647427558899,-1.635920763015747,-0.29838797450065613
506,0.49694404006004333,1.5678272247314453,1.2917100191116333,1.293776035308838
507,-1.2593203783035278,1.9582946300506592,-0.5704811215400696,0.1766878366470337
508,-1.939279556274414,0.7308077216148376,-1.5114929676055908,-0.6856695413589478
509,0.44628363847732544,0.8810333013534546,0.31887561082839966,0.9363027215003967
510,0.5967462062835693,-0.5775713920593262,0.6973291039466858,-0.17750447988510132
511,0.45034897327423096,0.28637728095054626,-1.6064260005950928,-1.5809344053268433
512,-0.7791244983673096,-0.7284855842590332,1.352211833000183,1.1927143335342407
513,1.3965539932250977,-2.272128105163574,1.35838782787323,-0.7726836800575256
514,0.15105244517326355,-0.8542914390563965,-1.5993602275848389,-0.777148425579071
515,-0.7177834510803223,-0.007912501692771912,-0.4381546080112457,0.5114108324050903
516,1.04080331325531,0.9093949198722839,1.2514102458953857,0.9442838430404663
517,0.7805007100105286,1.6237719058990479,-1.221902847290039,-0.0432070754468441
518,0.3259808123111725,-1.192188024520874,1.0836502313613892,0.07879216969013214
519,0.42979076504707336,1.3378195762634277,0.13321100175380707,-0.09310983866453171
520,-0.26296350359916687,2.036799907684326,-1.2549707889556885,-0.10035765916109085
521,0.4212808907032013,0.23247721791267395,0.5563203692436218,0.5984319448471069
522,-0.05944577604532242,0.71366286277771,0.8564612865447998,-0.12973245978355408
523,-0.54673832654953,-0.2274479866027832,0.6895285248756409,-0.5752372741699219
524,-0.7455983757972717,2.662532329559326,-1.6643259525299072,1.32545006275177
525,0.8111405372619629,0.14900386333465576,0.2861408293247223,-1.586679458618164
526,0.00034686457365751266,-1.0116015672683716,0.16744817793369293,0.28950050473213196
527,-0.6216176748275757,0.8472580909729004,1.5438505411148071,1.763093113899231
528,-1.2942428588867188,-0.7366457581520081,-1.012601375579834,0.09230587631464005
529,0.8037428259849548,-0.7987703680992126,-0.4644789397716522,-0.9165266156196594
530,-1.0609544515609741,0.377988338470459,1.428895354270935,2.4175915718078613
531,0.6038869023323059,0.7686915993690491,1.859143853187561,-0.2029990702867508
532,0.6191824078559875,0.7324323654174805,-1.400336742401123,-1.197368860244751
533,0.31164225935935974,0.4001361131668091,0.36701151728630066,1.518052339553833
534,-0.32743728160858154,-0.31128233671188354,0.7925400137901306,-0.23295463621616364
535,0.600891649723053,0.533191442489624,0.4097059965133667,0.9766276478767395
536,0.41380253434181213,-0.11661142110824585,-0.3141063153743744,0.11154000461101532
537,1.5691910982131958,1.1383631229400635,0.22910840809345245,1.5788625478744507
538,-0.5558118224143982,0.9521286487579346,-0.2560785114765167,2.0766637325286865
539,1.0134696960449219,0.4476277828216553,0.9777724146842957,-0.7252219319343567
540,-0.2572023570537567,0.7590305209159851,-0.19576698541641235,-0.27475810050964355
541,0.10710766911506653,-0.40155982971191406,0.31449878215789795,1.0774588584899902
542,1.85536789894104,0.28254082798957825,-1.7272921800613403,-1.024712324142456
543,1.7855582237243652,-0.8922487497329712,0.22568584978580475,-0.44852179288864136
544,-0.6037814021110535,0.8146845698356628,0.7363660335540771,0.9535958766937256
545,-0.3684714734554291,0.2347666472196579,-0.25690874457359314,0.17814454436302185
546,-0.16775834560394287,0.4472653269767761,0.7199766635894775,0.28066807985305786
547,0.5704957246780396,1.4403554201126099,-0.2690301537513733,1.5224655866622925
548,-0.23541159927845,0.9046341180801392,-0.08887496590614319,2.1403615474700928
549,0.9617031812667847,0.9298317432403564,-2.8207108974456787,-1.3492857217788696
550,0.4770478904247284,0.2736281752586365,0.9311590194702148,1.1431336402893066
551,-1.968851089477539,1.9633934497833252,-0.7991796135902405,1.36026930809021
552,-0.06122061237692833,-0.173702210187912,-0.6960499286651611,-3.3769967555999756
553,-1.4139587879180908,1.5584396123886108,-0.9163591265678406,-2.9140594005584717
554,-0.215555801987648,0.5670163035392761,0.6746614575386047,0.9676532745361328
555,-0.5200810432434082,-0.6160548329353333,-0.406765878200531,0.1305355429649353
556,-1.8233872652053833,-0.8411155343055725,0.7472410798072815,0.23237238824367523
557,-0.6203306913375854,2.2445168495178223,0.2784239649772644,0.9543626308441162
558,-0.6901960968971252,-1.3776695728302002,-1.5043058395385742,0.09527815878391266
559,1.058076024055481,1.0111902952194214,2.3686182498931885,-0.03857439011335373
560,1.1014117002487183,0.8220599889755249,-1.0188400745391846,0.012949350290000439
561,0.9718191623687744,-1.388350486755371,-0.8094720244407654,-0.20183169841766357
562,0.5094283819198608,0.4876163601875305,-1.2593251466751099,0.08447850495576859
563,-0.9667251110076904,-1.978980541229248,0.8478699326515198,-0.40019598603248596
564,-0.4943200349807739,1.8423147201538086,-1.148202657699585,0.42956307530403137
565,-0.38141095638275146,0.023815423250198364,0.8748987317085266,-0.2654740512371063
566,0.6834208965301514,-2.362549066543579,-0.8204729557037354,-0.6961273550987244
567,-0.7410880923271179,-0.9382730722427368,0.9290351271629333,1.0652496814727783
568,0.5723152756690979,1.3379721641540527,0.015156657434999943,0.1668323576450348
569,0.2442062497138977,-0.1292104721069336,-0.46962350606918335,0.22645165026187897
570,-0.3365379869937897,0.30638259649276733,-0.5216686129570007,0.5358263850212097
571,1.5917069911956787,-0.3989452123641968,0.9138132333755493,0.9774845242500305
572,-1.815625548362732,0.11939427256584167,2.031391143798828,-0.2422696053981781
573,0.27570223808288574,1.422992467880249,-1.316519856452942,-0.9319880604743958
574,-1.333716869354248,0.043652474880218506,0.5600565075874329,-0.5858472585678101
575,-0.2073768675327301,-1.9567666053771973,1.8178813457489014,-1.2138978242874146
576,-1.6926838159561157,1.0985188484191895,0.029471496120095253,-0.7055981159210205
577,-1.0099554061889648,1.3246614933013916,1.0501387119293213,0.6440721154212952
578,-2.3691346645355225,0.10888475179672241,-0.5423687100410461,-0.6086722016334534
579,-0.45499762892723083,-0.18900056183338165,0.0917448103427887,-1.7888834476470947
580,0.4591943025588989,1.3303892612457275,-0.713435709476471,-1.697441577911377
581,0.6482717990875244,-1.160880446434021,0.26516515016555786,0.016559621319174767
582,-0.06022559851408005,0.30789104104042053,0.46731746196746826,-0.14092081785202026
583,0.1621028035879135,0.23133188486099243,1.2081644535064697,-0.24877287447452545
584,0.10718075931072235,-0.09902402758598328,0.9715903997421265,-0.12711282074451447
585,0.11056875437498093,1.334088683128357,0.2549896836280823,0.6807847023010254
586,0.41147908568382263,0.00894792377948761,0.25604885816574097,0.9964802265167236
587,0.40718957781791687,1.1854742765426636,-1.0140101909637451,-1.6776765584945679
588,2.399068593978882,0.7993869781494141,1.7182976007461548,-0.8289371132850647
589,0.48955368995666504,-0.33080852031707764,0.620014488697052,-0.17058899998664856
590,-0.8236144781112671,1.7519270181655884,0.5149778127670288,-0.12733188271522522
591,0.5277995467185974,-0.6553999185562134,0.7858802676200867,-0.7239953279495239
592,-0.19987989962100983,1.3051793575286865,0.13832293450832367,1.630175232887268
593,0.9385294318199158,-1.58787202835083,0.51341712474823,-1.1526577472686768
594,0.3280402719974518,-0.10091620683670044,0.2340886890888214,-1.3369333744049072
595,1.3933058977127075,0.2024795114994049,-0.35600191354751587,-1.0752605199813843
596,0.3436141908168793,1.2935925722122192,-0.1686815619468689,-0.9129685759544373
597,0.30108579993247986,0.5390920639038086,0.05049852281808853,0.11194135993719101
598,0.3681248426437378,-0.20671510696411133,-0.048040103167295456,-0.3262151777744293
599,-1.5769633054733276,0.7561361789703369,1.6548131704330444,-2.151085138320923
600,-0.29212236404418945,0.808597207069397,1.141241431236267,-0.04772993177175522
601,-0.9674981832504272,-2.002849817276001,-0.9690586924552917,-0.37593215703964233
602,-0.24632422626018524,-1.433334469795227,-0.8404167890548706,-1.0580874681472778
603,0.03724341094493866,1.3250601291656494,1.8961570262908936,0.3475916087627411
604,0.747194230556488,0.3851732611656189,0.3848007321357727,-0.7921823263168335
605,0.05669739842414856,1.7373788356781006,-0.4964497685432434,-1.2495285272598267
606,0.5517534613609314,0.5808565020561218,-0.10215472429990768,1.8924051523208618
607,-1.850000262260437,-3.213491916656494,-1.7196550369262695,-1.643433690071106
608,-0.9106172323226929,1.7814159393310547,-0.0169439148157835,-1.919288158416748
609,-0.6917147636413574,0.5847088694572449,0.15668511390686035,-0.6081534624099731
610,0.5866985321044922,0.5801967978477478,-0.9909758567810059,-0.3262922167778015
611,-1.029011607170105,-0.956897497177124,0.6024264693260193,1.2064223289489746
612,0.5933953523635864,0.7001562118530273,0.30638134479522705,0.6668543815612793
613,-0.23665453493595123,-0.6424265503883362,-0.4616319239139557,-1.3712372779846191
614,0.6592039465904236,1.7053980827331543,-0.03532128781080246,-2.386979818344116
615,-0.7120016813278198,-2.195021390914917,-2.3164565563201904,1.686151385307312
616,0.2809348702430725,0.6309654116630554,-0.8364726305007935,-0.573188066482544
617,2.0377016067504883,0.14021337032318115,1.7266567945480347,0.024192530661821365
618,0.24342462420463562,0.4213034510612488,-1.069541335105896,0.6459279656410217
619,-0.9267241358757019,-0.5578120946884155,0.3357881009578705,1.890056848526001
620,0.4169708490371704,-0.21302777528762817,1.8895106315612793,1.0301322937011719
621,-1.4460771083831787,1.2794101238250732,-0.7699225544929504,1.8727983236312866
622,0.09050045162439346,-1.5914666652679443,0.023530302569270134,-2.2654037475585938
623,-0.299903005361557,0.4198175072669983,-1.4625226259231567,0.04721793904900551
624,-0.40622296929359436,-0.9164391756057739,-0.4071446359157562,1.8905667066574097
625,-1.2463840246200562,0.08062851428985596,-0.2000303566455841,-0.7363223433494568
626,1.2271517515182495,1.9491589069366455,0.6071101427078247,-0.5809078216552734
627,0.4777847230434418,0.6082586050033569,0.16113747656345367,0.9049161076545715
628,-1.7323793172836304,0.09407347440719604,-0.7818737030029297,-0.7746493816375732
629,1.0319302082061768,-0.47867411375045776,-1.773403525352478,-2.4855523109436035
630,0.2949672043323517,0.930091142654419,-1.094465732574463,-0.03327270597219467
631,0.16161400079727173,-0.8856216073036194,-1.1092908382415771,-0.35141319036483765
632,2.103994846343994,-0.25193285942077637,-0.12227096408605576,-0.8865768313407898
633,-1.294349193572998,-0.051436543464660645,1.007529377937317,1.6389459371566772
634,0.3045216500759125,1.1339881420135498,-0.7545461058616638,0.8755816221237183
635,-2.033277988433838,1.1128487586975098,-0.19177937507629395,-0.9527848362922668
636,-0.5089026689529419,1.090898036956787,0.03579676151275635,-1.3620939254760742
637,-1.174525499343872,-2.2215023040771484,0.8660176992416382,0.034319665282964706
638,-0.41429078578948975,0.5578046441078186,0.5798071026802063,-0.8605421781539917
639,-1.6098501682281494,-1.6406275033950806,0.5169914364814758,-1.2215951681137085
640,-1.0113418102264404,-0.5866826176643372,0.7576848864555359,-0.10281673818826675
641,-0.4793128967285156,1.0332502126693726,-0.5256850719451904,0.1636565923690796
642,0.8031599521636963,0.04870814085006714,1.5185438394546509,-0.43061941862106323
643,-0.6746154427528381,0.8125730156898499,1.0585566759109497,-0.11681461334228516
644,2.456725835800171,-0.14393024146556854,0.059120696038007736,0.14613239467144012
645,0.6853095293045044,-0.9594438672065735,-0.254906564950943,1.5141841173171997
646,0.8797651529312134,0.6425554752349854,-1.7492538690567017,-0.2595686614513397
647,1.0090593099594116,-0.3662736415863037,-0.042298804968595505,-0.03340480476617813
648,-0.9350268840789795,0.4372764527797699,1.117771863937378,0.28229644894599915
649,1.8247873783111572,-0.8829126358032227,0.9228331446647644,0.07766479253768921
650,-1.565154790878296,0.6655697822570801,-0.19826702773571014,-1.50310480594635
651,-1.8806058168411255,-1.083225965499878,-0.49663245677948,-0.918738067150116
652,0.42415300011634827,0.5656272172927856,-1.0009829998016357,-0.4877251982688904
653,1.2337548732757568,-0.20620954036712646,-1.0137255191802979,0.33775296807289124
654,0.7412173748016357,0.638798177242279,-0.4173264503479004,-0.4596972167491913
655,0.49050429463386536,-1.1180827617645264,-0.5047352313995361,0.9792035818099976
656,0.8580957055091858,-0.7455559968948364,-0.46330729126930237,-0.2990134656429291
657,0.00914398767054081,0.26776280999183655,-1.3159492015838623,-0.17876404523849487
658,-1.7337695360183716,-0.9929709434509277,0.4757098853588104,0.12681208550930023
659,0.3952842950820923,0.41362202167510986,0.6852154731750488,-0.048388369381427765
660,-0.46992358565330505,-0.9232466220855713,0.042177099734544754,-0.4500974714756012
661,-0.5139620304107666,-0.7708244323730469,-1.1188480854034424,-0.9777277112007141
662,-0.7023965120315552,-0.720707893371582,0.3095441460609436,0.8225979208946228
663,0.7477784156799316,1.013559103012085,0.8191791772842407,0.994325578212738
664,0.15061934292316437,-0.13068222999572754,-1.2720574140548706,-0.6862220168113708
665,0.9327130913734436,1.921697735786438,0.8086801767349243,0.09302101284265518
666,-0.6890221834182739,1.6318076848983765,0.8634077310562134,-0.7517542839050293
667,1.7151188850402832,-2.0484416484832764,0.3453681170940399,-0.3226502239704132
668,0.41519400477409363,-0.782573938369751,1.4555110931396484,-0.8179925680160522
669,-0.06654869019985199,-1.5076420307159424,-0.6270715594291687,0.5713276863098145
670,-1.9568021297454834,-0.04208880662918091,-0.3287573456764221,-0.6376304626464844
671,0.9698282480239868,-0.8434591293334961,0.15879325568675995,1.2554765939712524
672,0.8874391913414001,0.38142338395118713,0.997325599193573,0.26814424991607666
673,-1.9739350080490112,0.7997176647186279,-2.423963785171509,-1.606266975402832
674,0.7581523060798645,0.8318389654159546,1.2966314554214478,-1.00375497341156
675,0.7666867971420288,-0.3227091431617737,0.00671615544706583,0.7297552824020386
676,-0.5713266134262085,-1.8093485832214355,0.6229062676429749,0.8945177793502808
677,-2.17462158203125,-0.42987060546875,0.008612611331045628,1.0658998489379883
678,-0.02599712274968624,0.5429738759994507,0.49204641580581665,1.030035138130188
679,0.3361358046531677,-2.010936975479126,-0.171810582280159,-1.585259199142456
680,-0.19162142276763916,1.6500474214553833,0.8151991367340088,0.22830341756343842
681,0.3994816839694977,0.5196781158447266,-0.4081800580024719,-1.1301136016845703
682,0.8764124512672424,-0.42519283294677734,0.32083451747894287,-0.456726998090744
683,-1.6949535608291626,2.1415162086486816,0.06443288922309875,-1.2414764165878296
684,-0.4230213165283203,1.275019645690918,0.7109008431434631,-0.41019415855407715
685,-0.06285342574119568,1.0618962049484253,-0.4331635534763336,-0.07189729809761047
686,0.6903792023658752,0.48867830634117126,-0.8309510946273804,1.239322543144226
687,0.7355632185935974,-0.48994094133377075,-0.5180152058601379,0.1661985069513321
688,-0.146331787109375,-1.719102382659912,-0.29593056440353394,-0.3432242274284363
689,-0.4583260416984558,0.10089004039764404,-0.05917918309569359,0.4201255142688751
690,0.33552929759025574,2.5865185260772705,0.22712326049804688,0.20782482624053955
691,0.7046816349029541,-0.7075105309486389,2.3199121952056885,0.7813029885292053
692,0.13940522074699402,0.5487462282180786,-0.40780413150787354,0.0394451804459095
693,1.4728368520736694,0.14025962352752686,-0.05318307504057884,0.7662940621376038
694,-0.4029214084148407,-1.0179054737091064,-1.3932303190231323,0.424028217792511
695,0.7504175305366516,1.3110408782958984,-1.8434629440307617,-0.0842200219631195
696,0.2818104326725006,0.780254602432251,0.9702411890029907,0.46609801054000854
697,0.1907077133655548,-0.5364773273468018,-2.0758931636810303,0.49698492884635925
698,0.8830271363258362,-0.44714319705963135,-0.15607668459415436,0.36879995465278625
699,-1.7849928140640259,0.8760694265365601,-0.4475069046020508,-0.029084082692861557
700,0.39701294898986816,-0.051970623433589935,-0.9381340146064758,-0.08415471017360687
701,-0.20589131116867065,-0.7327978610992432,-0.6181163191795349,-0.791881263256073
702,-0.2759910523891449,-0.6350542306900024,-1.107551097869873,-0.10376594960689545
703,0.41789329051971436,-0.2667123079299927,-0.2949278950691223,-0.8245536684989929
704,1.2173298597335815,1.3416187763214111,0.4962221086025238,-1.9786410331726074
705,-0.8932605385780334,0.6128076314926147,0.8378641605377197,0.23794759809970856
706,-0.9131778478622437,0.12508979439735413,-0.5426238775253296,-1.0022292137145996
707,-0.12476931512355804,0.3968798518180847,-0.5861669778823853,-0.01801367849111557
708,-1.4181665182113647,0.5979565382003784,0.215940460562706,-0.23361916840076447
709,0.8558925986289978,-0.9949760437011719,-0.2826388478279114,1.530944585800171
710,0.8508068323135376,0.5315905213356018,0.2756376564502716,0.9586141109466553
711,-1.9803931713104248,0.29635003209114075,0.0020412018056958914,0.36099591851234436
712,1.0585743188858032,0.05017128586769104,1.5113331079483032,-1.1100671291351318
713,-0.8334487676620483,-1.5357933044433594,-1.0751651525497437,-0.39292842149734497
714,-0.3370314836502075,0.6510061025619507,-0.1258595883846283,-0.13286621868610382
715,-1.8682993650436401,0.9649832248687744,0.2706020772457123,-0.7237030267715454
716,0.6695643067359924,1.2795355319976807,-1.363825798034668,1.3873100280761719
717,-0.2637191414833069,1.1896328926086426,-0.019123243167996407,2.1796388626098633
718,-0.6528948545455933,0.09777119755744934,-0.6518112421035767,-0.6763666272163391
719,0.5728347301483154,1.6330902576446533,-0.037937089800834656,1.7426700592041016
720,0.8818161487579346,-0.3219819962978363,-0.7126164436340332,-0.537334144115448
721,-1.1751700639724731,0.39527541399002075,-2.263496160507202,-0.37378987669944763
722,-0.9247515797615051,0.36250075697898865,1.1637355089187622,1.1355268955230713
723,-1.7332582473754883,-0.5157334804534912,-0.7678549289703369,0.2617502212524414
724,-1.793687343597412,-1.4616296291351318,-0.7068809866905212,0.2618839144706726
725,1.0253442525863647,0.931017279624939,0.683172345161438,-1.1861350536346436
726,0.11988998204469681,-0.03225246071815491,0.31506192684173584,-0.2596549093723297
727,0.8212546706199646,-0.6798083782196045,2.0158004760742188,0.47516781091690063
728,-2.6477138996124268,0.48229506611824036,0.0781443640589714,-1.5130964517593384
729,-0.4321933090686798,-1.3736447095870972,-0.19372686743736267,0.153508260846138
730,2.318615674972534,0.19500568509101868,0.5154656171798706,0.6993936896324158
731,-0.561600923538208,-0.5135967135429382,0.5084246397018433,-1.0273528099060059
732,0.6764620542526245,1.3482016324996948,-0.9452352523803711,-0.9600300192832947
733,0.0390433743596077,-0.18381839990615845,-0.031208353117108345,0.23767952620983124
734,-0.05324212461709976,0.7745444178581238,0.8391015529632568,-0.811172604560852
735,-1.174212098121643,-0.15295878052711487,0.1404888927936554,-0.8362233638763428
736,0.715491533279419,0.03626441955566406,-1.3863047361373901,0.9654871225357056
737,-0.10693594813346863,-1.249654769897461,-1.5472784042358398,-1.197864294052124
738,-0.020954405888915062,-0.80262291431427,-2.2981483936309814,-0.37305325269699097
739,0.9095492959022522,0.9081438779830933,-0.14449138939380646,0.5528116822242737
740,1.3292244672775269,0.4053712785243988,0.7470670342445374,0.4169202744960785
741,-0.7522234320640564,-1.373336672782898,0.14010515809059143,-0.06417007744312286
742,0.33748453855514526,1.3777467012405396,1.0834300518035889,0.8024961352348328
743,0.2223665416240692,1.0259591341018677,-0.4276730716228485,-0.4566330313682556
744,-0.5726766586303711,0.595702052116394,0.4670332372188568,-0.7033663392066956
745,-0.03921465203166008,1.0144667625427246,-0.4029847979545593,1.6857057809829712
746,-0.0004791377577930689,1.7674002647399902,0.6525648832321167,1.7831281423568726
747,-1.6960866451263428,1.2625508308410645,0.19615629315376282,-1.5952692031860352
748,-1.1568621397018433,-0.6621391773223877,-0.4730589687824249,0.2987804114818573
749,0.3123474419116974,-0.5096933841705322,-0.4567166566848755,0.6217283010482788
750,0.2502191364765167,-1.2312911748886108,0.4979664385318756,1.0310494899749756
751,0.27819252014160156,-1.2676652669906616,1.1528310775756836,-0.5729409456253052
752,-0.5595470070838928,0.9277104139328003,0.6351850032806396,-0.9689277410507202
753,0.9811081290245056,0.46583518385887146,0.3538394570350647,1.3273341655731201
754,1.0083751678466797,1.0017220973968506,2.206926107406616,0.03124336525797844
755,-0.09795477986335754,1.8383843898773193,0.6403957009315491,-0.22863152623176575
756,0.8368402123451233,0.8225036859512329,-0.629384458065033,-0.9053338170051575
757,1.7045602798461914,0.1272757351398468,-0.387079656124115,0.1147102564573288
758,0.6697408556938171,0.8487241268157959,-1.054145336151123,-2.530219078063965
759,0.2170778512954712,-0.2430500090122223,0.4521724581718445,-0.060954198241233826
760,0.5047269463539124,-1.3965963125228882,-1.0561714172363281,0.9742931723594666
761,0.21701864898204803,-0.33066385984420776,-1.5863010883331299,0.3449685871601105
762,0.08853241801261902,1.767091155052185,-0.2820490002632141,-0.5198302268981934
763,1.592523217201233,1.856982946395874,0.505263090133667,0.11551573127508163
764,-0.7115721702575684,-0.6107491850852966,0.8055609464645386,0.9956487417221069
765,1.5652588605880737,-1.5427038669586182,-1.0451887845993042,0.574442982673645
766,-0.9209333658218384,0.560048520565033,0.283234179019928,0.051901280879974365
767,-1.017258644104004,0.3126687705516815,0.09965354204177856,-0.041203442960977554
768,1.3475364446640015,-0.42170068621635437,1.0234425067901611,-1.156375765800476
769,0.16719116270542145,0.10586604475975037,1.1992425918579102,-2.3698911666870117
770,-1.0892643928527832,0.74180006980896,1.4600894451141357,-0.01707283779978752
771,-0.5313857197761536,0.04753977060317993,0.2982258200645447,-0.3199886381626129
772,-0.5078325271606445,-0.06919944286346436,-1.0602564811706543,1.0207014083862305
773,-1.2418339252471924,0.9539797902107239,-0.05240261182188988,-1.934491515159607
774,-0.40444377064704895,0.8059751391410828,0.6291717886924744,-0.3153620660305023
775,1.2235291004180908,0.5538435578346252,1.4032137393951416,-0.41068917512893677
776,-0.621935248374939,-1.002703070640564,0.9524865746498108,-0.7233622074127197
777,0.27885428071022034,-1.7525908946990967,-2.2239034175872803,1.7378228902816772
778,0.45044785737991333,0.3208257853984833,-0.2692943513393402,0.5185038447380066
779,1.114736557006836,0.48325294256210327,-0.2038908451795578,-2.3709378242492676
780,-1.2353633642196655,1.9735875129699707,-0.4101264178752899,-0.13441677391529083
781,-0.25412696599960327,-0.6475077867507935,-0.0630626454949379,1.6273974180221558
782,-0.30300062894821167,0.2034989297389984,1.4927617311477661,0.8729902505874634
783,-0.46017006039619446,0.2122848629951477,0.3494654893875122,0.6537966728210449
784,-1.2746680974960327,-0.3942694664001465,0.23742841184139252,0.4233078062534332
785,0.5788431763648987,0.2613818347454071,0.35520997643470764,0.218118816614151
786,-0.6527432203292847,-0.1203167587518692,0.22978997230529785,-0.25013870000839233
787,2.180697202682495,0.34340617060661316,0.025484643876552582,1.058247685432434
788,-1.2089017629623413,0.1581329107284546,-0.447610080242157,-0.2837299704551697
789,-0.03635485842823982,-1.0571417808532715,0.4475407302379608,0.8993052244186401
790,1.5107601881027222,-1.7349051237106323,-1.2264103889465332,-1.4998759031295776
791,0.3244704306125641,-1.1836347579956055,-0.5135529041290283,-0.26308760046958923
792,1.5461758375167847,0.7586212754249573,-0.6542917490005493,-0.4956367611885071
793,-0.07336648553609848,0.41318273544311523,-1.8785512447357178,0.764346718788147
794,-0.44976043701171875,-0.2480543851852417,1.950027346611023,0.6001158952713013
795,-0.8995543122291565,-1.416135311126709,1.3258548974990845,-0.6512677073478699
796,-0.6221218109130859,0.49927565455436707,0.2760896384716034,-0.8538101315498352
797,-0.325410932302475,-1.5096570253372192,-0.011160073801875114,0.9409171938896179
798,-0.42937788367271423,-0.45050248503685,0.7250816822052002,-0.5580179691314697
799,-0.07680673897266388,0.6240370273590088,-0.20665045082569122,1.0700491666793823
800,-0.29348525404930115,0.4248151183128357,0.1445161998271942,0.746238648891449
801,-0.9237606525421143,0.1415669322013855,1.28389573097229,0.9405826926231384
802,-0.3151854872703552,-0.8912855386734009,0.19159755110740662,0.3469732105731964
803,0.02553757280111313,1.827380895614624,0.20187145471572876,-0.08492560684680939
804,-1.4059566259384155,0.49357089400291443,-0.6799774765968323,-0.7774918675422668
805,1.2560049295425415,0.6556130647659302,1.3728007078170776,-1.0577706098556519
806,-1.7598326206207275,0.9742040038108826,0.9858386516571045,-1.0189058780670166
807,-0.18324194848537445,0.90465247631073,-0.5185473561286926,-1.1727900505065918
808,0.24224953353405,0.44159820675849915,0.5474832653999329,0.48115047812461853
809,0.12261772155761719,0.9705407023429871,0.6032146215438843,-0.9078581929206848
810,0.678713858127594,1.2610900402069092,-0.21927393972873688,1.4584147930145264
811,2.126819133758545,1.5330331325531006,-0.6298694014549255,0.4134276211261749
812,0.8293594121932983,1.0410608053207397,-0.05877159535884857,0.925796389579773
813,0.860850989818573,-0.0167103074491024,2.0401675701141357,0.925889790058136
814,1.0364042520523071,-0.2466956228017807,1.0822170972824097,0.10472312569618225
815,1.278489112854004,-1.3917831182479858,-0.7179443836212158,-0.6888002753257751
816,0.09650696814060211,-1.1886217594146729,-0.1681467443704605,-0.242778018116951
817,1.3893523216247559,-0.3399159908294678,0.21504265069961548,-0.5327010750770569
818,-0.3468847870826721,-0.44423192739486694,-0.22537843883037567,0.10917986184358597
819,-0.4169301986694336,-0.7421176433563232,-1.138106107711792,-0.6224525570869446
820,1.6706088781356812,0.33942538499832153,1.0575815439224243,-0.5024779438972473
821,-1.5509597063064575,0.3617287874221802,-0.6093788743019104,-0.2291795015335083
822,-0.5277336835861206,0.950333833694458,0.2590392231941223,-0.2959204316139221
823,0.013957931660115719,0.10343614220619202,-1.6408807039260864,1.3585184812545776
824,0.7255144119262695,-0.33804062008857727,-0.07929504662752151,-0.5824038982391357
825,-0.5760494470596313,1.4248734712600708,0.4245017468929291,0.05699619650840759
826,-0.9382275342941284,-0.20718176662921906,-0.40736135840415955,0.3852844536304474
827,0.6766558885574341,0.6798301339149475,-0.1043439581990242,0.7279142141342163
828,-0.29360678791999817,0.9008926153182983,1.547778844833374,-1.4721364974975586
829,-0.4552565813064575,0.8022654056549072,-0.01956702210009098,-0.12671557068824768
830,0.8623027205467224,-0.2550300359725952,0.4085930585861206,-0.2884925901889801
831,-0.4717634320259094,-1.164569616317749,0.9926244616508484,-0.7799567580223083
832,1.0305920839309692,0.6667543649673462,1.2615697383880615,-1.167293667793274
833,0.18459199368953705,-1.5943422317504883,-0.4218692481517792,-0.6623682975769043
834,-0.28018346428871155,0.6694909334182739,-0.5512476563453674,0.8635080456733704
835,-1.6804907321929932,0.737667441368103,0.42403367161750793,-0.2769937813282013
836,0.935189425945282,0.14454442262649536,-0.02960181050002575,-0.5889284610748291
837,0.7638530135154724,1.0571956634521484,0.01976795308291912,-0.8432127237319946
838,-1.3536720275878906,1.5351262092590332,-1.5478180646896362,-0.9557381272315979
839,-0.03636852651834488,0.16123300790786743,0.23334692418575287,-0.577278733253479
840,0.6792901754379272,-1.6977393627166748,-0.10701027512550354,-0.8843507766723633
841,-0.4948267936706543,0.16835874319076538,-0.005753625184297562,1.9574549198150635
842,0.7753946781158447,1.3203439712524414,0.29106104373931885,0.2278168648481369
843,-0.03943055495619774,0.25119748711586,-0.15313947200775146,-1.9016751050949097
844,0.285537987947464,0.5745166540145874,1.3511508703231812,-0.31277281045913696
845,1.3629591464996338,-0.5770778656005859,1.3523515462875366,0.8308830261230469
846,1.752945065498352,1.0320892333984375,-0.8331893682479858,0.887729287147522
847,-1.4271153211593628,-1.7988086938858032,-0.20439322292804718,-0.3443988263607025
848,-0.8299354910850525,1.7146501541137695,-0.10986856371164322,-2.002354621887207
849,0.23202282190322876,0.3099899888038635,0.8098164796829224,0.7131769061088562
850,-0.8134618401527405,0.945260763168335,1.477020502090454,0.19016949832439423
851,-0.3000921905040741,0.9252220392227173,-0.6741035580635071,-0.24773234128952026
852,-1.1866869926452637,-2.4443957805633545,0.06041908264160156,-2.41949200630188
853,1.7111525535583496,0.1856013834476471,-0.3264484107494354,-0.5168383121490479
854,0.1790105253458023,0.4407251477241516,-0.7547621130943298,-1.4537358283996582
855,2.3581271171569824,-0.886583685874939,-0.18235066533088684,1.0973697900772095
856,0.06363016366958618,0.3131018280982971,1.0231044292449951,-2.087973117828369
857,-0.17053869366645813,1.1147031784057617,0.4951479136943817,1.2097442150115967
858,1.5871235132217407,-2.0510106086730957,-0.8198181986808777,-1.473442554473877
859,0.6023027300834656,1.7448763847351074,1.422461748123169,1.1164977550506592
860,-0.925065815448761,-0.3587843179702759,0.6011785864830017,0.9053869843482971
861,1.173499584197998,-0.5243550539016724,0.6567833423614502,-0.2611042559146881
862,-0.6744932532310486,-1.580923080444336,0.5614777207374573,-2.0134356021881104
863,-1.3190672397613525,-0.0525439977645874,-1.0788311958312988,0.8554065227508545
864,1.2445703744888306,-1.8422335386276245,0.03367072343826294,0.4504115581512451
865,-0.6468643546104431,1.3198432922363281,-0.45214715600013733,0.25397512316703796
866,-0.35952574014663696,1.366121530532837,-0.052803169935941696,-0.8411264419555664
867,-1.0541292428970337,-0.7978620529174805,-0.3953206539154053,0.7024539113044739
868,-0.7330771088600159,-0.37714678049087524,0.005344576667994261,0.9031242728233337
869,-0.49699386954307556,-0.5159093737602234,-0.41634076833724976,0.05280192941427231
870,-0.1916116625070572,-1.0398821830749512,0.6127496361732483,0.7244265675544739
871,0.40812164545059204,0.3831332325935364,-0.4301283061504364,0.7545020580291748
872,-0.5974974632263184,-1.287845492362976,-0.07321420311927795,-0.7561788558959961
873,-0.8399201035499573,0.9174009561538696,-1.15921950340271,0.5384567975997925
874,-0.9847998023033142,-0.1683003008365631,-2.3109545707702637,-1.1261347532272339
875,1.3402817249298096,1.0222835540771484,-1.0362852811813354,0.3897703289985657
876,-0.2198256403207779,0.9103522896766663,1.5116409063339233,-0.3695187568664551
877,-0.8565086722373962,0.3096800148487091,0.2349996119737625,-0.1388784795999527
878,0.04015212506055832,0.2575698494911194,-0.901593029499054,-0.6241756081581116
879,-0.2688310742378235,-1.2064770460128784,-0.1563722938299179,1.4538182020187378
880,-1.8869980573654175,-0.47895723581314087,-0.29499006271362305,-0.2817748486995697
881,-1.2425941228866577,-1.563999891281128,-0.6747415065765381,-3.012547492980957
882,-0.16703948378562927,0.3782035708427429,-0.6984766125679016,-1.7967407703399658
883,-1.3497260808944702,-1.2414917945861816,-0.3879261910915375,0.8269689679145813
884,-0.1287306845188141,-0.685477077960968,0.9977813363075256,-1.0144346952438354
885,0.2768387496471405,1.6358609199523926,-2.2621066570281982,-2.0316641330718994
886,-0.1953568458557129,0.8062893152236938,-0.3184490501880646,-2.957542896270752
887,0.08118566870689392,0.13497817516326904,-0.040515415370464325,0.8808999061584473
888,-0.3474156856536865,-0.5535645484924316,-1.466112494468689,2.052838087081909
889,2.299525260925293,1.0360822677612305,1.2847487926483154,0.3296246826648712
890,-0.9011356234550476,-1.2498815059661865,-1.8118129968643188,0.8784202933311462
891,0.37784865498542786,1.6201330423355103,0.49243202805519104,1.4415936470031738
892,-1.0513532161712646,0.9858319163322449,1.1489489078521729,0.41019517183303833
893,-0.280278742313385,1.3240596055984497,0.4630134105682373,0.1589963436126709
894,1.56624174118042,0.8552476167678833,-0.22664465010166168,-1.3142890930175781
895,-0.7237295508384705,1.2993032932281494,0.32200899720191956,3.1290361881256104
896,-1.6980016231536865,0.35906845331192017,-0.8125302791595459,-0.349409818649292
897,0.6040475368499756,1.4121724367141724,0.7390854358673096,0.6975094079971313
898,0.33837541937828064,0.1639825701713562,-0.4973720908164978,1.5270103216171265
899,0.3570774495601654,-1.0542042255401611,0.8628256320953369,-0.18159911036491394
900,-0.36780107021331787,-1.813067078590393,0.6567230224609375,-0.7935600280761719
901,-1.6112264394760132,1.0456634759902954,-1.0085029602050781,0.9398195743560791
902,-0.022917412221431732,-1.0122779607772827,-1.5013766288757324,0.8335471153259277
903,1.5634801387786865,-0.20205402374267578,2.091155767440796,0.561815083026886
904,0.5164381861686707,0.943325400352478,2.1926753520965576,0.7804948687553406
905,1.940929651260376,-0.40315455198287964,-1.6659927368164062,-0.5144006609916687
906,-1.4489917755126953,0.8208156824111938,0.18440820276737213,-1.45051109790802
907,-1.0911335945129395,0.906973123550415,-1.105588436126709,-0.9938446283340454
908,2.470890760421753,-0.9146446585655212,-0.5308166146278381,1.3864221572875977
909,-0.09377914667129517,1.1054701805114746,0.20146435499191284,-1.168149471282959
910,0.18168894946575165,-0.5664990544319153,0.3846838176250458,0.3342343866825104
911,-0.5444191694259644,1.0227347612380981,-0.17434655129909515,0.7454857230186462
912,1.9808001518249512,2.335415840148926,2.0620691776275635,1.169769287109375
913,-0.646901547908783,0.9636120796203613,-0.34816381335258484,0.12768754363059998
914,-0.12474878132343292,-0.37692198157310486,-0.9367219805717468,-0.9058384299278259
915,-0.34398365020751953,1.534097671508789,0.692024290561676,-0.37317603826522827
916,-0.46106451749801636,-0.902983546257019,0.5539184808731079,1.028136134147644
917,-0.9546502232551575,0.6271417737007141,-1.1046029329299927,0.7864846587181091
918,0.932949960231781,0.6185380220413208,0.2836832106113434,1.3612622022628784
919,-0.4076336920261383,1.344752550125122,0.5193493366241455,0.130469411611557
920,0.1866004914045334,0.936251163482666,-0.2983569800853729,-1.180305004119873
921,-0.9404662847518921,0.005589962005615234,-0.3860127925872803,-0.0007416997104883194
922,0.01740971952676773,0.658990740776062,-0.7665606141090393,0.4693903625011444
923,-0.1998227834701538,0.7670219540596008,0.8477156162261963,-3.1447856426239014
924,0.21758288145065308,-0.19340729713439941,-0.825520932674408,-0.0447763130068779
925,-0.19548389315605164,0.23395833373069763,1.4156982898712158,0.8062819242477417
926,-0.047455184161663055,0.570559024810791,-0.4122389256954193,-0.02158087119460106
927,-0.4791722595691681,0.3071269392967224,0.765139639377594,-0.24361693859100342
928,0.2902454137802124,-0.9662100076675415,0.09263705462217331,0.5831403136253357
929,-0.6260177493095398,0.6722931861877441,-1.2325979471206665,0.6248677968978882
930,0.2153199464082718,0.047825515270233154,1.058573603630066,-0.7629260420799255
931,-0.6948623061180115,-0.5330905914306641,-0.536853551864624,1.2472039461135864
932,0.3235284686088562,-1.0852551460266113,1.9486608505249023,-1.5074704885482788
933,-0.15243510901927948,-0.11993822455406189,0.04633503779768944,-1.595816731452942
934,-0.6664402484893799,0.6535173654556274,-0.48792046308517456,-0.7829784154891968
935,0.1262134462594986,0.7773017287254333,-0.033561576157808304,0.0196571946144104
936,1.4209569692611694,0.8006526827812195,-0.26995736360549927,0.03932514786720276
937,1.7245773077011108,2.0432002544403076,-2.463726758956909,0.8911539316177368
938,0.4071122109889984,-0.8217183351516724,2.2583935260772705,0.17601671814918518
939,-0.14106838405132294,-0.3439394235610962,0.20601646602153778,-0.09359603375196457
940,1.8168107271194458,0.3675905168056488,-0.08678558468818665,-0.47490811347961426
941,-0.6639209389686584,-0.4011486768722534,1.3575257062911987,-0.026722358539700508
942,1.0213961601257324,1.155951738357544,-2.2474257946014404,-0.32495349645614624
943,-0.0882321372628212,0.07791629433631897,-0.42510533332824707,0.5327443480491638
944,-1.1232587099075317,0.21505197882652283,0.3766712546348572,-1.367295265197754
945,0.09387601166963577,-0.7923314571380615,0.7393143773078918,-1.8408101797103882
946,-1.8515691757202148,-0.11107432842254639,-0.23966319859027863,0.7871329188346863
947,0.4666847884654999,-0.7541245222091675,-0.7782233357429504,0.21277368068695068
948,0.52627032995224,0.9436300992965698,-1.014243483543396,-0.38917624950408936
949,0.9293653964996338,0.3250928819179535,0.20737121999263763,0.33698809146881104
950,-1.652024745941162,-0.7760790586471558,-0.3882712423801422,1.117762804031372
951,0.08027059584856033,0.03691840171813965,-1.4312684535980225,-0.10677128285169601
952,0.2410610020160675,1.6641111373901367,0.45707064867019653,-0.09396304190158844
953,0.5089524388313293,-0.05425742268562317,0.14514170587062836,-0.6593367457389832
954,0.25934740900993347,-2.284925699234009,0.11870387196540833,0.3934224843978882
955,-0.6232185959815979,0.007223725318908691,-0.2074742168188095,-1.7833772897720337
956,0.15582402050495148,-1.111438274383545,-0.7311500906944275,-0.9505251049995422
957,-1.3252570629119873,1.1052923202514648,1.2157924175262451,-0.7758560180664062
958,0.9190250039100647,0.9693955183029175,-0.9415186643600464,-0.6850989460945129
959,0.7734202146530151,0.03867434710264206,-1.4468467235565186,-0.6365758180618286
960,0.7942363023757935,-0.9161385297775269,-1.0632494688034058,-0.9114011526107788
961,-0.2785012125968933,0.40402138233184814,0.9987048506736755,1.4351775646209717
962,2.422529697418213,-0.7119468450546265,0.15923896431922913,0.2975980341434479
963,0.14586621522903442,-0.33192944526672363,1.896401047706604,1.1955177783966064
964,1.2921828031539917,-0.1894826889038086,-1.6036083698272705,2.1514692306518555
965,1.0554171800613403,1.7640385627746582,0.010991890914738178,-0.5339458584785461
966,0.5291390419006348,0.7937866449356079,0.21885444223880768,0.2290935069322586
967,1.1279263496398926,0.5404632687568665,-0.3077107071876526,0.39850983023643494
968,-0.3783106505870819,1.2036800384521484,0.11859391629695892,-1.0831389427185059
969,0.5733107328414917,-2.037729263305664,0.7000725865364075,-0.801293671131134
970,-1.0520211458206177,-0.4175105094909668,-1.2068544626235962,1.1704108715057373
971,-0.8299809694290161,0.5688180923461914,0.3270799219608307,0.05887245386838913
972,-0.7456830739974976,0.9665349721908569,0.105341836810112,-1.3849865198135376
973,0.5036769509315491,1.1356313228607178,-0.5020073652267456,1.2179700136184692
974,-0.8755528926849365,0.31128165125846863,0.8605926036834717,-0.034343935549259186
975,1.3018501996994019,-1.1401524543762207,1.2425817251205444,-0.8476661443710327
976,-0.5714511871337891,0.06513525545597076,1.7495439052581787,1.0377076864242554
977,0.3516676425933838,-0.9283370971679688,-0.5687940716743469,-0.5079044699668884
978,0.40817734599113464,1.0377414226531982,0.32641953229904175,-0.5904216766357422
979,-0.2585097551345825,2.1318016052246094,-0.7804707884788513,1.80849289894104
980,0.8029303550720215,-1.6768946647644043,1.1036696434020996,0.042183712124824524
981,1.9455318450927734,0.20497365295886993,-0.8487255573272705,-0.1424597203731537
982,0.650195837020874,-0.4767051935195923,1.3612478971481323,0.5709928870201111
983,0.6200896501541138,-1.796442985534668,0.3358643054962158,2.9279603958129883
984,-1.3344203233718872,-0.6669892072677612,-0.6144747138023376,0.8261898756027222
985,2.177908420562744,1.0360610485076904,-0.6672088503837585,0.5292890667915344
986,-0.5565567016601562,1.1542426347732544,-0.1660740077495575,0.13987694680690765
987,1.0547372102737427,0.5353190898895264,0.21080966293811798,-1.1131114959716797
988,-0.16751322150230408,0.8870326280593872,-1.2928646802902222,-0.3388931453227997
989,-1.415299654006958,-0.9065821170806885,1.1224889755249023,1.0105489492416382
990,-0.6357765793800354,0.4057958722114563,0.4410274624824524,-1.1087385416030884
991,2.0783188343048096,1.561220407485962,-0.7020072340965271,0.20452331006526947
992,1.6483770608901978,-1.6077994108200073,1.417926549911499,-0.07057443261146545
993,-2.1656482219696045,-0.02851206064224243,0.06773990392684937,1.2531445026397705
994,0.16312825679779053,0.8731788396835327,0.44767430424690247,1.996213674545288
995,1.2698254585266113,0.6309962272644043,-0.6606343388557434,-0.48736774921417236
996,-1.5677947998046875,0.5235870480537415,-1.1986892223358154,0.40053901076316833
997,-0.024949613958597183,-0.6353822946548462,0.27218279242515564,1.2356575727462769
998,-0.8163943886756897,-0.19142669439315796,-1.6889058351516724,-0.6315003633499146
999,-0.24750766158103943,-1.0369622707366943,0.13561108708381653,-0.8151110410690308
1000,-1.2463784217834473,-0.35174083709716797,-0.40020427107810974,-0.43213951587677
1001,0.16411539912223816,-2.1124250888824463,1.9978549480438232,1.712296962738037
1002,1.4451467990875244,-0.47151437401771545,-0.5357340574264526,-1.079433560371399
1003,0.009023027494549751,1.554520845413208,2.7180709838867188,1.2780770063400269
1004,-1.5668110847473145,0.9904404282569885,0.4801858067512512,0.034335482865571976
1005,0.7095962762832642,-0.06284546852111816,0.4845339357852936,-0.09677866846323013
1006,1.4644681215286255,0.9788512587547302,0.6116888523101807,-0.6966526508331299
1007,-0.4360791742801666,-1.2548162937164307,0.19674569368362427,1.2235954999923706
1008,0.7517370581626892,-1.6257847547531128,0.11203741282224655,1.5033138990402222
1009,0.6850941777229309,-0.36241984367370605,0.6005393862724304,0.2790394723415375
1010,0.6505164504051208,1.2238754034042358,-0.6223390698432922,1.0134321451187134
1011,1.5952322483062744,0.7722782492637634,-0.7367497086524963,0.6836467981338501
1012,-0.37524381279945374,-0.763275146484375,1.0069972276687622,-1.6575617790222168
1013,-0.10044607520103455,1.722322702407837,-0.8527680039405823,-0.09483441710472107
1014,1.4100351333618164,0.8994382619857788,-0.0942959412932396,-1.3434648513793945
1015,0.2754644751548767,0.5216270685195923,-0.5206558704376221,0.48473411798477173
1016,-1.1216193437576294,0.1459873914718628,0.2981841266155243,0.4303181767463684
1017,-0.5168570876121521,-1.3257743120193481,0.2986299991607666,-1.1323928833007812
1018,-1.3373744487762451,-0.7013098001480103,-0.6301488280296326,-0.39963334798812866
1019,-0.1475161463022232,0.897003173828125,0.2579910457134247,-0.6815993785858154
1020,-1.1578084230422974,-0.07492274045944214,-1.0808277130126953,-0.7490971088409424
1021,1.35353684425354,0.03020167350769043,0.08525910973548889,0.4517579674720764
1022,-0.32641226053237915,-1.4992222785949707,0.11932040750980377,1.9324841499328613
1023,0.6665610074996948,1.046920657157898,-1.0152915716171265,-1.0825552940368652
1024,-0.5589951276779175,0.7074657678604126,0.07678933441638947,-0.5731323957443237
1025,-0.1573827713727951,1.1737868785858154,0.569202721118927,-0.19025734066963196
1026,1.2114359140396118,-0.6596564650535583,0.11924298107624054,-0.1279190480709076
1027,1.5744668245315552,0.3605044484138489,-0.33632776141166687,-0.6522784233093262
1028,-1.0891191959381104,1.2980446815490723,1.8527863025665283,-0.6211094260215759
1029,0.07329902052879333,0.9872352480888367,1.1574370861053467,-1.5881174802780151
1030,-1.420177698135376,0.012671085074543953,1.3223531246185303,-1.8010592460632324
1031,0.5726354122161865,0.2079465687274933,-0.09815467149019241,0.2799425721168518
1032,-0.24348406493663788,1.2159700393676758,1.4074376821517944,0.8485236763954163
1033,-0.7777206301689148,1.6681263446807861,1.2480132579803467,-0.769340455532074
1034,-0.05182534456253052,0.46128132939338684,-0.9749723672866821,-0.41538047790527344
1035,-1.9897836446762085,1.2277183532714844,0.75925213098526,-0.5129857063293457
1036,0.5422784686088562,-1.1643811464309692,0.1384172886610031,-0.08727925270795822
1037,-1.6675962209701538,-1.640077829360962,0.27529487013816833,-0.5756840705871582
1038,0.9633820652961731,-0.29178178310394287,1.232893466949463,-0.12498044222593307
1039,1.2513129711151123,0.05882735550403595,-0.024642707780003548,-0.13476702570915222
1040,2.135931968688965,0.058367013931274414,-0.5949344635009766,-0.14976564049720764
1041,-0.39344045519828796,-0.03171926736831665,-0.2716590166091919,-0.1970870941877365
1042,1.6959364414215088,1.1682102680206299,0.9576961398124695,-0.39716818928718567
1043,-1.3078452348709106,1.6855252981185913,-1.220398187637329,-1.0328516960144043
1044,0.254106730222702,-0.34403109550476074,-0.8329804539680481,1.0220789909362793
1045,-0.6696662306785583,1.2267251014709473,-0.6933978199958801,-1.1462591886520386
1046,0.6617367267608643,-1.2864658832550049,-2.38079833984375,0.16550621390342712
1047,-1.7741949558258057,0.3995343744754791,-0.2609749734401703,0.6803891062736511
1048,-1.1384708881378174,-0.8069102764129639,-0.02446592040359974,-1.1534215211868286
1049,0.5719730257987976,1.544488787651062,0.520677387714386,2.023583173751831
1050,-0.47804003953933716,-1.2194911241531372,-0.4903944432735443,-0.25969934463500977
1051,-0.3098198473453522,0.4181864261627197,0.4138362407684326,0.991673469543457
1052,0.8750742077827454,0.37711894512176514,-0.3445782959461212,-0.2466050684452057
1053,-0.12612080574035645,0.3332240581512451,-0.690520703792572,0.3983732759952545
1054,0.37061503529548645,-2.308140277862549,0.2741851508617401,2.0761308670043945
1055,0.8044320344924927,0.46808093786239624,-2.6605281829833984,0.15324299037456512
1056,1.5301614999771118,0.9613803029060364,0.2369900941848755,-0.1813778579235077
1057,-1.886361837387085,-0.7414474487304688,1.0921491384506226,-0.6664676666259766
1058,0.7573806047439575,0.8345932960510254,-0.6688405275344849,0.962618350982666
1059,-0.7801432013511658,1.2367057800292969,-1.1196691989898682,0.6495376825332642
1060,-0.35672861337661743,1.2398598194122314,-0.5727393627166748,-0.19787342846393585
1061,0.8680864572525024,0.9561806917190552,-1.9076857566833496,1.0339727401733398
1062,0.023285824805498123,1.3617361783981323,2.0092098712921143,1.0931892395019531
1063,-1.1888654232025146,-0.46846163272857666,-0.7585856318473816,-0.9825985431671143
1064,1.0520167350769043,1.6900784969329834,1.4979779720306396,0.11752549558877945
1065,1.8830779790878296,1.0175060033798218,0.13309234380722046,-0.49964454770088196
1066,1.0120501518249512,-0.6798083186149597,1.4083467721939087,0.9918642044067383
1067,-0.8210095763206482,-0.005540907382965088,-0.9362519383430481,0.9539663791656494
1068,-1.6506565809249878,0.2574433982372284,-0.48774540424346924,-0.9156739711761475
1069,-1.028326392173767,0.8524163961410522,-0.793663501739502,-0.6164818406105042
1070,-0.029902122914791107,-0.9094976186752319,-1.2051169872283936,-1.683633804321289
1071,0.45099228620529175,0.6130944490432739,0.6785624623298645,1.2887847423553467
1072,-1.1797157526016235,-0.7178030610084534,0.7991716861724854,1.327256679534912
1073,-1.0989373922348022,-1.7732166051864624,-0.5079061388969421,0.42428115010261536
1074,-0.560380756855011,0.3279609978199005,-0.4198698401451111,-0.36487239599227905
1075,1.9135388135910034,-1.3011846542358398,0.19674068689346313,1.4026484489440918
1076,0.29715853929519653,1.7172317504882812,0.6548824310302734,-0.9736413359642029
1077,0.3382149934768677,0.33566465973854065,1.2007975578308105,-0.7923043966293335
1078,-0.9733263850212097,-0.8600523471832275,-0.9450258612632751,0.7868378162384033
1079,1.0220884084701538,1.2260193824768066,1.206885814666748,-0.89430171251297
1080,0.007020511198788881,-0.44331592321395874,-0.7972437739372253,-0.013241779059171677
1081,0.3222421705722809,1.0596885681152344,2.2967333793640137,-0.3788982629776001
1082,0.3049153983592987,-0.8719343543052673,-0.09278491884469986,0.03469310700893402
1083,-0.094315305352211,-0.4048374891281128,0.09349428862333298,0.413269579410553
1084,0.33717137575149536,0.8855990767478943,0.05580708011984825,-0.6297059059143066
1085,-0.7665797472000122,-2.1059789657592773,-0.09206201881170273,0.7558960914611816
1086,0.9464693069458008,2.095188617706299,2.96142315864563,1.4477856159210205
1087,-0.8961602449417114,-2.62553071975708,1.2964988946914673,-0.7927574515342712
1088,-0.28314822912216187,-1.8309195041656494,0.05718705430626869,-1.2816109657287598
1089,-1.0490001440048218,-1.5692510604858398,0.4076589047908783,1.3454278707504272
1090,-0.37504953145980835,1.1950832605361938,-1.422685980796814,0.9283123016357422
1091,-1.9249085187911987,-1.0336856842041016,1.4854700565338135,0.5113638639450073
1092,-1.6020972728729248,0.4545048177242279,-0.7095876932144165,0.35543081164360046
1093,-1.7551414966583252,-1.082632303237915,-0.861164391040802,-1.0734328031539917
1094,-0.1820090115070343,-0.5634072422981262,-0.29979899525642395,-1.0600336790084839
1095,0.07485349476337433,-0.3614422082901001,0.08521862328052521,-1.0798574686050415
1096,-1.581689476966858,0.48182904720306396,0.1651884764432907,-0.06216676905751228
1097,0.6530759930610657,0.7502017617225647,-0.5125405192375183,0.5996831059455872
1098,-0.5678065419197083,1.4262561798095703,-0.8701121807098389,-0.6544694900512695
1099,-2.3648428916931152,1.7883180379867554,1.786940097808838,-0.8879368901252747
1100,-1.1395702362060547,0.10953140258789062,-0.10629858821630478,0.582003653049469
1101,-0.536207914352417,-2.1923842430114746,-0.9725916981697083,0.9800992012023926
1102,0.27348533272743225,0.5653566718101501,1.1655473709106445,-1.007763147354126
1103,-1.309778094291687,-1.0354503393173218,-0.4385055899620056,2.1484830379486084
1104,-0.8138588666915894,0.6841176748275757,0.11202989518642426,0.3894732892513275
1105,0.38561108708381653,-0.9325779676437378,-0.25759875774383545,0.15088407695293427
1106,-2.129558563232422,2.504542827606201,-0.5573444962501526,0.8601284623146057
1107,0.25260040163993835,0.2599937319755554,1.4843931198120117,-0.6877691745758057
1108,0.5875594019889832,0.9377685785293579,0.7600198984146118,0.40288740396499634
1109,0.5317687392234802,-1.8641380071640015,-0.9043165445327759,-0.5127217173576355
1110,0.19294516742229462,1.1093424558639526,1.6086105108261108,-0.9859970211982727
1111,0.07639381289482117,-1.467125415802002,-0.8240451812744141,0.24365001916885376
1112,-0.4873388111591339,0.23783475160598755,-1.7850860357284546,-1.3658829927444458
1113,-0.9443585872650146,0.231361985206604,-2.3853700160980225,-0.6046535968780518
1114,1.8993265628814697,1.0649573802947998,1.258371353149414,2.3563177585601807
1115,0.49364975094795227,0.3780232071876526,-2.2270185947418213,1.286403775215149
1116,-0.36110785603523254,0.32697945833206177,1.2072595357894897,0.30967146158218384
1117,0.22032776474952698,-3.546870231628418,2.0037829875946045,1.1309936046600342
1118,0.321946918964386,0.4580182731151581,0.36663830280303955,1.5832873582839966
1119,-0.5705705285072327,0.7609642148017883,1.1143455505371094,-1.0988370180130005
1120,0.009365633130073547,-0.7676808834075928,-1.37399423122406,-0.5635735988616943
1121,-2.323657989501953,1.4062678813934326,0.8963624238967896,-0.5394501090049744
1122,0.41485047340393066,2.495478630065918,-0.1203976646065712,0.5283160209655762
1123,-2.3780250549316406,0.5382789969444275,0.0032605056185275316,0.7726184129714966
1124,0.703263521194458,-0.7331189513206482,2.5121147632598877,0.8287939429283142
1125,-0.27133458852767944,-0.2397449016571045,-0.7346351742744446,0.7770774364471436
1126,1.8878345489501953,0.8311985731124878,0.11819036304950714,-1.6848071813583374
1127,1.565029501914978,2.244133472442627,-2.1683740615844727,-0.909976601600647
1128,-0.31665483117103577,2.1750311851501465,-0.42741429805755615,-0.1103513091802597
1129,0.9078613519668579,0.910477876663208,-0.9210696220397949,-0.5962061285972595
1130,-1.0847463607788086,-1.5137193202972412,-0.2843747138977051,0.6647703647613525
1131,-0.6883835792541504,-0.8055605888366699,-0.526812732219696,0.4617007374763489
1132,-2.584573984146118,0.8072483539581299,0.17037419974803925,-0.6250957250595093
1133,1.4360620975494385,1.7366516590118408,2.1113085746765137,-0.6360293030738831
1134,1.5265318155288696,-1.1241017580032349,0.13289421796798706,1.1003873348236084
1135,0.8707151412963867,0.5698463916778564,0.041042838245630264,0.45291683077812195
1136,-1.8574103116989136,1.7127820253372192,0.09388452768325806,0.3108256459236145
1137,0.7665868401527405,-0.646812915802002,-0.9563568234443665,-0.9767940044403076
1138,0.5708783864974976,-0.9813637137413025,1.1337306499481201,1.5327023267745972
1139,-0.28563424944877625,1.1115248203277588,-2.6230342388153076,0.2785189747810364
1140,1.328818917274475,0.5855706930160522,-0.3631412386894226,1.7215170860290527
1141,-0.495480477809906,-1.1166119575500488,-1.6909692287445068,-0.08113951236009598
1142,-1.5494239330291748,0.024484753608703613,-1.0191174745559692,-0.7396118640899658
1143,-0.217654287815094,-0.7193537950515747,1.220810890197754,-1.4961111545562744
1144,-0.8043398261070251,0.31013408303260803,-0.7222095727920532,1.0636109113693237
1145,0.1024707481265068,-0.03042338788509369,0.09395505487918854,-1.4369618892669678
1146,-0.15249626338481903,2.124915599822998,1.34238862991333,2.5993876457214355
1147,1.276125192642212,-1.6248090267181396,-0.9364395141601562,-0.4636191129684448
1148,-1.956111192703247,0.5172218084335327,2.096783399581909,-1.5301011800765991
1149,0.3277128338813782,-2.1008687019348145,-0.9349514842033386,-0.462759405374527
1150,0.021474823355674744,-1.0213623046875,0.0374840684235096,-0.8370767831802368
1151,0.06710962951183319,0.8797016143798828,-0.36332955956459045,-0.5515667796134949
1152,-0.8936484456062317,0.1604064702987671,0.9040740728378296,0.5084537863731384
1153,0.7009427547454834,-1.4172465801239014,-0.32976987957954407,-1.7669614553451538
1154,0.07020674645900726,-1.1733921766281128,-0.886782169342041,-1.0246913433074951
1155,1.9616583585739136,0.1666339784860611,1.0070995092391968,0.7086106538772583
1156,2.1969797611236572,0.5321725606918335,-0.496842622756958,1.0022610425949097
1157,0.2174932062625885,-0.25843119621276855,-0.632953405380249,-1.5908432006835938
1158,-0.8238946199417114,1.614945888519287,-0.8811718225479126,0.6870333552360535
1159,-1.2263380289077759,1.5528900623321533,-0.7085767984390259,0.1623222678899765
1160,-1.2736343145370483,-0.6324031352996826,0.7840670347213745,-0.37134119868278503
1161,-0.41241174936294556,0.887507438659668,0.7197193503379822,0.44587188959121704
1162,-0.06277541816234589,0.6172149181365967,-1.868874430656433,-0.8641837239265442
